{"SA": {"x": [1, 2, 3, 4, 5, 6, 7, 8, 9, 10, 11, 12, 13, 14, 15, 16, 17, 18, 19, 20, 21, 22, 23, 24, 25, 26, 27, 28, 29, 30, 31, 32, 33, 34, 35, 36, 37, 38, 39, 40, 41, 42, 43, 44, 45, 46, 47, 48, 49, 50, 51, 52, 53, 54, 55, 56, 57, 58, 59, 60, 61, 62, 63, 64, 65, 66, 67, 68, 69, 70, 71, 72, 73, 74, 75, 76, 77, 78, 79, 80, 81, 82, 83, 84, 85, 86, 87, 88, 89, 90, 91, 92, 93, 94, 95, 96, 97, 98, 99, 100, 101, 102, 103, 104, 105, 106, 107, 108, 109, 110, 111, 112, 113, 114, 115, 116, 117, 118, 119, 120, 121, 122, 123, 124, 125, 126, 127, 128, 129, 130, 131, 132, 133, 134, 135, 136, 137, 138, 139, 140, 141, 142, 143, 144, 145, 146, 147, 148, 149, 150, 151, 152, 153, 154, 155, 156, 157, 158, 159, 160, 161, 162, 163, 164, 165, 166, 167, 168, 169, 170, 171, 172, 173, 174, 175, 176, 177, 178, 179, 180, 181, 182, 183, 184, 185, 186, 187, 188, 189, 190, 191, 192, 193, 194, 195, 196, 197, 198, 199, 200], "y": [117, 117, 117, 117, 117, 107, 107, 96, 96, 96, 96, 96, 96, 96, 96, 96, 96, 96, 96, 96, 96, 96, 96, 96, 96, 96, 96, 96, 96, 96, 96, 96, 96, 96, 96, 96, 96, 96, 96, 96, 96, 96, 96, 96, 96, 96, 96, 96, 96, 96, 96, 96, 96, 96, 96, 96, 96, 96, 96, 96, 96, 96, 96, 96, 96, 96, 96, 96, 96, 96, 96, 96, 96, 96, 96, 96, 96, 96, 96, 96, 96, 96, 96, 96, 96, 96, 96, 96, 96, 96, 96, 96, 96, 96, 96, 96, 96, 96, 96, 96, 96, 96, 96, 96, 96, 96, 96, 96, 96, 96, 96, 96, 96, 96, 96, 96, 96, 96, 96, 96, 96, 96, 96, 96, 96, 96, 96, 96, 96, 96, 96, 96, 96, 96, 96, 96, 96, 96, 96, 96, 96, 96, 96, 96, 96, 96, 96, 96, 96, 96, 96, 96, 96, 96, 96, 96, 96, 96, 96, 96, 96, 96, 96, 96, 96, 96, 96, 96, 96, 96, 96, 96, 96, 96, 96, 96, 96, 96, 96, 96, 96, 96, 96, 96, 96, 96, 96, 96, 96, 96, 96, 96, 96, 96, 96, 96, 96, 96, 96, 96], "t": [0.22575616836547852, 0.3558073043823242, 0.5162169933319092, 0.676764965057373, 0.8063755035400391, 0.9660928249359131, 1.125716209411621, 1.2555429935455322, 1.413761854171753, 1.5737435817718506, 1.703761100769043, 1.8623418807983398, 2.0208916664123535, 2.1511669158935547, 2.308931827545166, 2.4665117263793945, 2.596733331680298, 2.753570795059204, 2.914576292037964, 3.044469118118286, 3.2015697956085205, 3.3578405380249023, 3.5188610553741455, 3.648374080657959, 3.8080193996429443, 3.9679884910583496, 4.097494125366211, 4.2573347091674805, 4.416202068328857, 4.545638799667358, 4.7051262855529785, 4.8651182651519775, 4.995301008224487, 5.153973579406738, 5.31188440322876, 5.442319869995117, 5.599381923675537, 5.755970478057861, 5.917724132537842, 6.047013759613037, 6.20406699180603, 6.334906816482544, 6.491084337234497, 6.651787281036377, 6.812552213668823, 6.942380428314209, 7.101895570755005, 7.262103319168091, 7.391921043395996, 7.5505757331848145, 7.710207939147949, 7.840548992156982, 7.99931526184082, 8.158178091049194, 8.288915872573853, 8.44667363166809, 8.604512929916382, 8.73519778251648, 8.892172813415527, 9.053406238555908, 9.183830738067627, 9.340826272964478, 9.497287034988403, 9.658375024795532, 9.788196563720703, 9.948176145553589, 10.10849666595459, 10.23839521408081, 10.397279739379883, 10.556299686431885, 10.686131477355957, 10.84518575668335, 11.004685878753662, 11.13461184501648, 11.293405055999756, 11.45127558708191, 11.581772327423096, 11.739541292190552, 11.89617395401001, 12.058080434799194, 12.187611818313599, 12.344980001449585, 12.475237369537354, 12.631460428237915, 12.792059659957886, 12.952791690826416, 13.082296133041382, 13.242122411727905, 13.401712656021118, 13.531704187393188, 13.690108060836792, 13.85003137588501, 13.979960441589355, 14.138981342315674, 14.29760456085205, 14.428438663482666, 14.58608341217041, 14.743557929992676, 14.87417459487915, 15.031123638153076, 15.192453145980835, 15.323007345199585, 15.480338335037231, 15.636669874191284, 15.797882318496704, 15.9279305934906, 16.08790135383606, 16.248157501220703, 16.37811851501465, 16.5369770526886, 16.695956230163574, 16.825838804244995, 16.98521089553833, 17.144611597061157, 17.274798154830933, 17.433647394180298, 17.591678619384766, 17.722455263137817, 17.87998604774475, 18.036853790283203, 18.198904037475586, 18.32879614830017, 18.485992193222046, 18.616501331329346, 18.773436784744263, 18.934101104736328, 19.094777584075928, 19.2247576713562, 19.38450789451599, 19.54430055618286, 19.67417335510254, 19.832865476608276, 19.992749452590942, 20.12309241294861, 20.282223224639893, 20.441405057907104, 20.57212805747986, 20.730165481567383, 20.888166904449463, 21.018986701965332, 21.175939559936523, 21.337212800979614, 21.467601776123047, 21.625139951705933, 21.7816424369812, 21.942659854888916, 22.07284665107727, 22.233330726623535, 22.393797397613525, 22.52408456802368, 22.6837899684906, 22.843095064163208, 22.97303819656372, 23.132296323776245, 23.291694164276123, 23.421605587005615, 23.580260276794434, 23.73832869529724, 23.869119882583618, 24.026699542999268, 24.183547019958496, 24.34545660018921, 24.475106716156006, 24.632216691970825, 24.7631094455719, 24.9196674823761, 25.080750226974487, 25.241633653640747, 25.371429204940796, 25.531088829040527, 25.690757513046265, 25.820659399032593, 25.979334115982056, 26.13914918899536, 26.268989086151123, 26.42801809310913, 26.58679747581482, 26.71732497215271, 26.87514567375183, 27.032634735107422, 27.16309380531311, 27.31976819038391, 27.48089861869812, 27.611169576644897, 27.768306970596313, 27.924763202667236, 28.08587622642517, 28.216403007507324, 28.376463413238525, 28.53649139404297, 28.666277647018433, 28.82521653175354, 28.984408140182495, 29.11445164680481, 29.274003267288208, 29.433419942855835, 29.563416004180908, 29.722152709960938, 29.880112409591675, 30.010863542556763]}, "GA": {"x": [0, 1, 2, 3, 4, 5, 6, 7, 8, 9, 10, 11, 12, 13, 14, 15, 16, 17, 18, 19, 20, 21, 22, 23, 24, 25, 26, 27, 28, 29, 30, 31, 32, 33, 34, 35, 36, 37, 38, 39, 40, 41, 42, 43, 44, 45, 46, 47, 48, 49, 50, 51, 52, 53, 54, 55, 56, 57, 58, 59, 60, 61, 62, 63, 64, 65, 66, 67, 68, 69, 70, 71, 72, 73, 74, 75, 76, 77, 78, 79, 80, 81, 82, 83, 84, 85, 86, 87, 88, 89, 90, 91, 92, 93, 94, 95, 96, 97, 98, 99, 100, 101, 102, 103, 104, 105, 106, 107, 108, 109, 110, 111, 112, 113, 114, 115, 116, 117, 118, 119, 120, 121, 122, 123, 124, 125, 126, 127, 128, 129, 130, 131, 132, 133, 134, 135, 136, 137, 138, 139, 140, 141, 142, 143, 144, 145, 146, 147, 148, 149, 150, 151, 152, 153, 154, 155, 156, 157, 158, 159, 160, 161, 162, 163, 164, 165, 166, 167, 168, 169, 170, 171, 172, 173, 174, 175, 176, 177, 178, 179, 180, 181, 182, 183, 184, 185, 186, 187, 188, 189, 190, 191, 192, 193, 194, 195, 196, 197, 198, 199], "y": [96, 96, 96, 96, 96, 96, 96, 96, 96, 96, 96, 96, 96, 96, 96, 96, 96, 96, 96, 96, 96, 96, 96, 96, 96, 96, 96, 96, 96, 96, 96, 96, 96, 96, 96, 96, 96, 96, 96, 96, 96, 96, 96, 96, 96, 96, 96, 96, 96, 96, 96, 96, 96, 96, 96, 96, 96, 96, 96, 96, 96, 96, 96, 96, 96, 96, 96, 96, 96, 96, 96, 96, 96, 96, 96, 96, 96, 96, 96, 96, 96, 96, 96, 96, 96, 96, 96, 96, 96, 96, 96, 96, 96, 96, 96, 96, 96, 96, 96, 96, 96, 96, 96, 96, 96, 96, 96, 96, 96, 96, 96, 96, 96, 96, 96, 96, 96, 96, 96, 96, 96, 96, 96, 96, 96, 96, 96, 96, 96, 96, 96, 96, 96, 96, 96, 96, 96, 96, 96, 96, 96, 96, 96, 96, 96, 96, 96, 96, 96, 96, 96, 96, 96, 96, 96, 96, 96, 96, 96, 96, 96, 96, 96, 96, 96, 96, 96, 96, 96, 96, 96, 96, 96, 96, 96, 96, 96, 96, 96, 96, 96, 96, 96, 96, 96, 96, 96, 96, 96, 96, 96, 96, 96, 96, 96, 96, 96, 96, 96, 96],