{"SA": {"x": [1, 2, 3, 4, 5, 6, 7, 8, 9, 10, 11, 12, 13, 14, 15, 16, 17, 18, 19, 20, 21, 22, 23, 24, 25, 26, 27, 28, 29, 30, 31, 32, 33, 34, 35, 36, 37, 38, 39, 40, 41, 42, 43, 44, 45, 46, 47, 48, 49, 50, 51, 52, 53, 54, 55, 56, 57, 58, 59, 60, 61, 62, 63, 64, 65, 66, 67, 68, 69, 70, 71, 72, 73, 74, 75, 76, 77, 78, 79, 80, 81, 82, 83, 84, 85, 86, 87, 88, 89, 90, 91, 92, 93, 94, 95, 96, 97, 98, 99, 100, 101, 102, 103, 104, 105, 106, 107, 108, 109, 110, 111, 112, 113, 114, 115, 116, 117, 118, 119, 120, 121, 122, 123, 124, 125, 126, 127, 128, 129, 130, 131, 132, 133, 134, 135, 136, 137, 138, 139, 140, 141, 142, 143, 144, 145, 146, 147, 148, 149, 150, 151, 152, 153, 154, 155, 156, 157, 158, 159, 160, 161, 162, 163, 164, 165, 166, 167, 168, 169, 170, 171, 172, 173, 174, 175, 176, 177, 178, 179, 180, 181, 182, 183, 184, 185, 186, 187, 188, 189, 190, 191, 192, 193, 194, 195, 196, 197, 198, 199, 200], "y": [117, 117, 107, 107, 107, 107, 107, 107, 107, 107, 107, 107, 107, 97, 97, 97, 97, 97, 97, 97, 97, 97, 97, 97, 97, 97, 97, 97, 97, 97, 97, 97, 97, 97, 97, 97, 97, 97, 97, 97, 97, 97, 97, 97, 97, 97, 97, 97, 97, 97, 97, 97, 97, 97, 97, 97, 97, 97, 97, 97, 97, 97, 97, 97, 97, 97, 97, 97, 97, 97, 97, 97, 97, 97, 97, 97, 97, 97, 97, 97, 97, 97, 97, 97, 97, 97, 96, 96, 96, 96, 96, 96, 96, 96, 96, 96, 96, 96, 96, 96, 96, 96, 96, 96, 96, 96, 96, 96, 96, 96, 96, 96, 96, 96, 96, 96, 96, 96, 96, 96, 96, 96, 96, 96, 96, 96, 96, 96, 96, 96, 96, 96, 96, 96, 96, 96, 96, 96, 96, 96, 96, 96, 96, 96, 96, 96, 96, 96, 96, 96, 96, 96, 96, 96, 96, 96, 96, 96, 96, 96, 96, 96, 96, 96, 96, 96, 96, 96, 96, 96, 96, 96, 96, 96, 96, 96, 96, 96, 96, 96, 96, 96, 96, 96, 96, 96, 96, 96, 96, 96, 96, 96, 96, 96, 96, 96, 96, 96, 96, 96], "t": [0.21979427337646484, 0.37488746643066406, 0.5314288139343262, 0.65981125831604, 0.8122725486755371, 0.9666545391082764, 1.119762659072876, 1.2424726486206055, 1.3925511837005615, 1.5432636737823486, 1.665050745010376, 1.8124516010284424, 1.9594988822937012, 2.0816361904144287, 2.227734088897705, 2.373671770095825, 2.4960176944732666, 2.6431243419647217, 2.792710304260254, 2.9441051483154297, 3.066586494445801, 3.2143092155456543, 3.3617427349090576, 3.4831149578094482, 3.630812644958496, 3.7773661613464355, 3.897891044616699, 4.044770240783691, 4.190298795700073, 4.31073784828186, 4.456228971481323, 4.608130693435669, 4.75650429725647, 4.877549886703491, 5.026169061660767, 5.173518896102905, 5.294536352157593, 5.441747426986694, 5.590626001358032, 5.7148048877716064, 5.867157936096191, 6.021846294403076, 6.150839567184448, 6.303437948226929, 6.455636262893677, 6.615569591522217, 6.744154453277588, 6.899569272994995, 7.056871175765991, 7.185755252838135, 7.339781045913696, 7.496087312698364, 7.6248719692230225, 7.779155254364014, 7.93214225769043, 8.062678337097168, 8.215288639068604, 8.367565155029297, 8.525873899459839, 8.65461802482605, 8.81027889251709, 8.966671466827393, 9.096610069274902, 9.251260995864868, 9.40716552734375, 9.537184476852417, 9.691179275512695, 9.844610691070557, 9.97377061843872, 10.1289381980896, 10.281110048294067, 10.437742233276367, 10.567193508148193, 10.723188161849976, 10.879350423812866, 11.008570671081543, 11.163490533828735, 11.319146871566772, 11.44771957397461, 11.603228330612183, 11.756756782531738, 11.886411905288696, 12.04050874710083, 12.192564487457275, 12.350038290023804, 12.478358030319214, 12.634822368621826, 12.791038751602173, 12.919658899307251, 13.076225757598877, 13.232189416885376, 13.360918283462524, 13.516123533248901, 13.670282125473022, 13.800021648406982, 13.953575372695923, 14.107062101364136, 14.265580415725708, 14.39462423324585, 14.551723718643188, 14.709331274032593, 14.837827920913696, 14.993871450424194, 15.149802923202515, 15.278494119644165, 15.432984590530396, 15.58761715888977, 15.717639684677124, 15.87095594406128, 16.024998426437378, 16.15508508682251, 16.30781650543213, 16.464313745498657, 16.622079849243164, 16.75137734413147, 16.907140970230103, 17.0634765625, 17.19237232208252, 17.347443103790283, 17.50239658355713, 17.63300585746765, 17.78648543357849, 17.94010281562805, 18.07085633277893, 18.223103046417236, 18.37935185432434, 18.537606716156006, 18.666611909866333, 18.8220055103302, 18.977458477020264, 19.107680082321167, 19.262314558029175, 19.41684103012085, 19.547780513763428, 19.701515436172485, 19.854731559753418, 19.984718561172485, 20.13813614845276, 20.29458451271057, 20.451005697250366, 20.580798387527466, 20.73666000366211, 20.89217972755432, 21.022006034851074, 21.176594734191895, 21.330828428268433, 21.460419178009033, 21.61543893814087, 21.769004344940186, 21.898743152618408, 22.052655696868896, 22.20961332321167, 22.36632227897644, 22.496359825134277, 22.652723789215088, 22.809020519256592, 22.938807725906372, 23.095670461654663, 23.250491857528687, 23.38074254989624, 23.535834312438965, 23.69002413749695, 23.81993055343628, 23.973511695861816, 24.131778478622437, 24.28880739212036, 24.418336868286133, 24.576257944107056, 24.733010053634644, 24.862731218338013, 25.018676280975342, 25.17428731918335, 25.30422568321228, 25.45848298072815, 25.613470554351807, 25.743954181671143, 25.897908449172974, 26.053150415420532, 26.210449695587158, 26.340564489364624, 26.497791051864624, 26.654395580291748, 26.784287452697754, 26.939839839935303, 27.096706867218018, 27.22645616531372, 27.38073182106018, 27.537126779556274, 27.66731023788452, 27.821296215057373, 27.974483013153076, 28.133041381835938, 28.262658834457397, 28.41895318031311, 28.576344966888428, 28.706097841262817, 28.861820697784424, 29.01920247077942, 29.149391174316406, 29.304616451263428]}, "GA": {"x": [0, 1, 2, 3, 4, 5, 6, 7, 8, 9, 10, 11, 12, 13, 14, 15, 16, 17, 18, 19, 20, 21, 22, 23, 24, 25, 26, 27, 28, 29, 30, 31, 32, 33, 34, 35, 36, 37, 38, 39, 40, 41, 42, 43, 44, 45, 46, 47, 48, 49, 50, 51, 52, 53, 54, 55, 56, 57, 58, 59, 60, 61, 62, 63, 64, 65, 66, 67, 68, 69, 70, 71, 72, 73, 74, 75, 76, 77, 78, 79, 80, 81, 82, 83, 84, 85, 86, 87, 88, 89, 90, 91, 92, 93, 94, 95, 96, 97, 98, 99, 100, 101, 102, 103, 104, 105, 106, 107, 108, 109, 110, 111, 112, 113, 114, 115, 116, 117, 118, 119, 120, 121, 122, 123, 124, 125, 126, 127, 128, 129, 130, 131, 132, 133, 134, 135, 136, 137, 138, 139, 140, 141, 142, 143, 144, 145, 146, 147, 148, 149, 150, 151, 152, 153, 154, 155, 156, 157, 158, 159, 160, 161, 162, 163, 164, 165, 166, 167, 168, 169, 170, 171, 172, 173, 174, 175, 176, 177, 178, 179, 180, 181, 182, 183, 184, 185, 186, 187, 188, 189, 190, 191, 192, 193, 194, 195, 196, 197, 198, 199], "y": [96, 96, 96, 96, 96, 96, 96, 96, 96, 96, 96, 96, 96, 96, 96, 96, 96, 96, 96, 96, 96, 96, 96, 96, 96, 96, 96, 96, 96, 96, 96, 96, 96, 96, 96, 96, 96, 96, 96, 96, 96, 96, 96, 96, 96, 96, 96, 96, 96, 96, 96, 96, 96, 96, 96, 96, 96, 96, 96, 96, 96, 96, 96, 96, 96, 96, 96, 96, 96, 96, 96, 96, 96, 96, 96, 96, 96, 96, 96, 96, 96, 96, 96, 96, 96, 96, 96, 96, 96, 96, 96, 96, 96, 96, 96, 96, 96, 96, 96, 96, 96, 96, 96, 96, 96, 96, 96, 96, 96, 96, 96, 96, 96, 96, 96, 96, 96, 96, 96, 96, 96, 96, 96, 96, 96, 96, 96, 96, 96, 96, 96, 96, 96, 96, 96, 96, 96, 96, 96, 96, 96, 96, 96, 96, 96, 96, 96, 96, 96, 96, 96, 96, 96, 96, 96, 96, 96, 96, 96, 96, 96, 96, 96, 96, 96, 96, 96, 96, 96, 96, 96, 96, 96, 96, 96, 96, 96, 96, 96, 96, 96, 96, 96, 96, 96, 96, 96, 96, 96, 96, 96, 96, 96, 96, 96, 96, 96, 96, 96, 96],