{"SA": {"x": [1, 2, 3, 4, 5, 6, 7, 8, 9, 10, 11, 12, 13, 14, 15, 16, 17, 18, 19, 20, 21, 22, 23, 24, 25, 26, 27, 28, 29, 30, 31, 32, 33, 34, 35, 36, 37, 38, 39, 40, 41, 42, 43, 44, 45, 46, 47, 48, 49, 50, 51, 52, 53, 54, 55, 56, 57, 58, 59, 60, 61, 62, 63, 64, 65, 66, 67, 68, 69, 70, 71, 72, 73, 74, 75, 76, 77, 78, 79, 80, 81, 82, 83, 84, 85, 86, 87, 88, 89, 90, 91, 92, 93, 94, 95, 96, 97, 98, 99, 100, 101, 102, 103, 104, 105, 106, 107, 108, 109, 110, 111, 112, 113, 114, 115, 116, 117, 118, 119, 120, 121, 122, 123, 124, 125, 126, 127, 128, 129, 130, 131, 132, 133, 134, 135, 136, 137, 138, 139, 140, 141, 142, 143, 144, 145, 146, 147, 148, 149, 150, 151, 152, 153, 154, 155, 156, 157, 158, 159, 160, 161, 162, 163, 164, 165, 166, 167, 168, 169, 170, 171, 172, 173, 174, 175, 176, 177, 178, 179, 180, 181, 182, 183, 184, 185, 186, 187, 188, 189, 190, 191, 192, 193, 194, 195, 196, 197, 198, 199, 200], "y": [108, 108, 108, 108, 107, 97, 96, 96, 96, 96, 96, 96, 96, 96, 96, 96, 96, 96, 96, 96, 96, 96, 96, 96, 96, 96, 96, 96, 96, 96, 96, 96, 96, 96, 96, 96, 96, 96, 96, 96, 96, 96, 96, 96, 96, 96, 96, 96, 96, 96, 96, 96, 96, 96, 96, 96, 96, 96, 96, 96, 96, 96, 96, 96, 96, 96, 96, 96, 96, 96, 96, 96, 96, 96, 96, 96, 96, 96, 96, 96, 96, 96, 96, 96, 96, 96, 96, 96, 96, 96, 96, 96, 96, 96, 96, 96, 96, 96, 96, 96, 96, 96, 96, 96, 96, 96, 96, 96, 96, 96, 96, 96, 96, 96, 96, 96, 96, 96, 96, 96, 96, 96, 96, 96, 96, 96, 96, 96, 96, 96, 96, 96, 96, 96, 96, 96, 96, 96, 96, 96, 96, 96, 96, 96, 96, 96, 96, 96, 96, 96, 96, 96, 96, 96, 96, 96, 96, 96, 96, 96, 96, 96, 96, 96, 96, 96, 96, 96, 96, 96, 96, 96, 96, 96, 96, 96, 96, 96, 96, 96, 96, 96, 96, 96, 96, 96, 96, 96, 96, 96, 96, 96, 96, 96, 96, 96, 96, 96, 96, 96], "t": [0.24974846839904785, 0.38127851486206055, 0.5407483577728271, 0.7005224227905273, 0.8325250148773193, 0.9964442253112793, 1.162445068359375, 1.2982795238494873, 1.4594535827636719, 1.6183431148529053, 1.750849962234497, 1.9087727069854736, 2.0650687217712402, 2.2260849475860596, 2.3577756881713867, 2.517566680908203, 2.6781721115112305, 2.809783697128296, 2.9690864086151123, 3.1282312870025635, 3.2608633041381836, 3.4194998741149902, 3.5771689414978027, 3.709200620651245, 3.8679702281951904, 4.024672985076904, 4.156942367553711, 4.3144237995147705, 4.4666523933410645, 4.616750478744507, 4.738111972808838, 4.889564275741577, 5.039506196975708, 5.1612162590026855, 5.311405181884766, 5.45968770980835, 5.58163046836853, 5.729395627975464, 5.878268241882324, 6.000509023666382, 6.147209167480469, 6.2998058795928955, 6.450762748718262, 6.572885036468506, 6.723104953765869, 6.874840974807739, 6.996622085571289, 7.1486382484436035, 7.299257516860962, 7.421497106552124, 7.569395303726196, 7.717036247253418, 7.8406877517700195, 7.988025426864624, 8.139417171478271, 8.292735576629639, 8.414920568466187, 8.565992593765259, 8.716408491134644, 8.840441465377808, 8.989973068237305, 9.139387130737305, 9.26380205154419, 9.412830829620361, 9.561534643173218, 9.683921337127686, 9.83310055732727, 9.98464822769165, 10.13614559173584, 10.260420560836792, 10.411850452423096, 10.5622079372406, 10.684629678726196, 10.835850715637207, 10.985885381698608, 11.108420610427856, 11.258802890777588, 11.40822958946228, 11.530667066574097, 11.678454399108887, 11.832037925720215, 11.9835524559021, 12.106057405471802, 12.258967638015747, 12.410915851593018, 12.534156560897827, 12.684382438659668, 12.836460590362549, 12.959077835083008, 13.109977960586548, 13.260016918182373, 13.383962869644165, 13.531859397888184, 13.679340124130249, 13.83247995376587, 13.95548152923584, 14.106642961502075, 14.258484840393066, 14.381673336029053, 14.531891345977783, 14.682712316513062, 14.80651307106018, 14.955740690231323, 15.10451078414917, 15.22721004486084, 15.376469135284424, 15.524019956588745, 15.675616979598999, 15.8001229763031, 15.951584339141846, 16.102785348892212, 16.225480318069458, 16.378119468688965, 16.528106451034546, 16.6509792804718, 16.802157640457153, 16.95220184326172, 17.074939966201782, 17.223074913024902, 17.372631788253784, 17.526966094970703, 17.651755571365356, 17.805212259292603, 17.956955194473267, 18.07965350151062, 18.23118758201599, 18.38397479057312, 18.5065336227417, 18.65657091140747, 18.80821204185486, 18.931308031082153, 19.07978630065918, 19.227692127227783, 19.382152795791626, 19.50477433204651, 19.656644344329834, 19.80993366241455, 19.932481050491333, 20.083430528640747, 20.23403263092041, 20.358400583267212, 20.50833749771118, 20.658225536346436, 20.782660961151123, 20.93144679069519, 21.079611778259277, 21.232594966888428, 21.357210397720337, 21.509090662002563, 21.660868883132935, 21.785057067871094, 21.936931848526, 22.087604761123657, 22.21023726463318, 22.36218571662903, 22.51126456260681, 22.63422679901123, 22.784233331680298, 22.932069063186646, 23.05605697631836, 23.205979824066162, 23.359634160995483, 23.511173009872437, 23.633896827697754, 23.78623628616333, 23.93679976463318, 24.059741973876953, 24.210934162139893, 24.362139225006104, 24.485352516174316, 24.633913278579712, 24.78411889076233, 24.907665491104126, 25.05512809753418, 25.208693504333496, 25.362760305404663, 25.48559308052063, 25.636638402938843, 25.789867639541626, 25.913268089294434, 26.063744068145752, 26.213629484176636, 26.338376760482788, 26.4870445728302, 26.636216163635254, 26.761487245559692, 26.910298824310303, 27.062353372573853, 27.214516162872314, 27.339014530181885, 27.490668773651123, 27.641729593276978, 27.766823053359985, 27.917274475097656, 28.067604780197144, 28.19078779220581, 28.342095136642456, 28.491435289382935, 28.61493420600891, 28.76484251022339]}, "GA": {"x": [0, 1, 2, 3, 4, 5, 6, 7, 8, 9, 10, 11, 12, 13, 14, 15, 16, 17, 18, 19, 20, 21, 22, 23, 24, 25, 26, 27, 28, 29, 30, 31, 32, 33, 34, 35, 36, 37, 38, 39, 40, 41, 42, 43, 44, 45, 46, 47, 48, 49, 50, 51, 52, 53, 54, 55, 56, 57, 58, 59, 60, 61, 62, 63, 64, 65, 66, 67, 68, 69, 70, 71, 72, 73, 74, 75, 76, 77, 78, 79, 80, 81, 82, 83, 84, 85, 86, 87, 88, 89, 90, 91, 92, 93, 94, 95, 96, 97, 98, 99, 100, 101, 102, 103, 104, 105, 106, 107, 108, 109, 110, 111, 112, 113, 114, 115, 116, 117, 118, 119, 120, 121, 122, 123, 124, 125, 126, 127, 128, 129, 130, 131, 132, 133, 134, 135, 136, 137, 138, 139, 140, 141, 142, 143, 144, 145, 146, 147, 148, 149, 150, 151, 152, 153, 154, 155, 156, 157, 158, 159, 160, 161, 162, 163, 164, 165, 166, 167, 168, 169, 170, 171, 172, 173, 174, 175, 176, 177, 178, 179, 180, 181, 182, 183, 184, 185, 186, 187, 188, 189, 190, 191, 192, 193, 194, 195, 196, 197, 198, 199], "y": [96, 96, 96, 96, 96, 96, 96, 96, 96, 96, 96, 96, 96, 96, 96, 96, 96, 96, 96, 96, 96, 96, 96, 96, 96, 96, 96, 96, 96, 96, 96, 96, 96, 96, 96, 96, 96, 96, 96, 96, 96, 96, 96, 96, 96, 96, 96, 96, 96, 96, 96, 96, 96, 96, 96, 96, 96, 96, 96, 96, 96, 96, 96, 96, 96, 96, 96, 96, 96, 96, 96, 96, 96, 96, 96, 96, 96, 96, 96, 96, 96, 96, 96, 96, 96, 96, 96, 96, 96, 96, 96, 96, 96, 96, 96, 96, 96, 96, 96, 96, 96, 96, 96, 96, 96, 96, 96, 96, 96, 96, 96, 96, 96, 96, 96, 96, 96, 96, 96, 96, 96, 96, 96, 96, 96, 96, 96, 96, 96, 96, 96, 96, 96, 96, 96, 96, 96, 96, 96, 96, 96, 96, 96, 96, 96, 96, 96, 96, 96, 96, 96, 96, 96, 96, 96, 96, 96, 96, 96, 96, 96, 96, 96, 96, 96, 96, 96, 96, 96, 96, 96, 96, 96, 96, 96, 96, 96, 96, 96, 96, 96, 96, 96, 96, 96, 96, 96, 96, 96, 96, 96, 96, 96, 96, 96, 96, 96, 96, 96, 96],