{"SA": {"x": [1, 2, 3, 4, 5, 6, 7, 8, 9, 10, 11, 12, 13, 14, 15, 16, 17, 18, 19, 20, 21, 22, 23, 24, 25, 26, 27, 28, 29, 30, 31, 32, 33, 34, 35, 36, 37, 38, 39, 40, 41, 42, 43, 44, 45, 46, 47, 48, 49, 50, 51, 52, 53, 54, 55, 56, 57, 58, 59, 60, 61, 62, 63, 64, 65, 66, 67, 68, 69, 70, 71, 72, 73, 74, 75, 76, 77, 78, 79, 80, 81, 82, 83, 84, 85, 86, 87, 88, 89, 90, 91, 92, 93, 94, 95, 96, 97, 98, 99, 100, 101, 102, 103, 104, 105, 106, 107, 108, 109, 110, 111, 112, 113, 114, 115, 116, 117, 118, 119, 120, 121, 122, 123, 124, 125, 126, 127, 128, 129, 130, 131, 132, 133, 134, 135, 136, 137, 138, 139, 140, 141, 142, 143, 144, 145, 146, 147, 148, 149, 150, 151, 152, 153, 154, 155, 156, 157, 158, 159, 160, 161, 162, 163, 164, 165, 166, 167, 168, 169, 170, 171, 172, 173, 174, 175, 176, 177, 178, 179, 180, 181, 182, 183, 184, 185, 186, 187, 188, 189, 190, 191, 192, 193, 194, 195, 196, 197, 198, 199, 200], "y": [117, 107, 107, 107, 107, 96, 96, 96, 96, 96, 96, 96, 96, 96, 96, 96, 96, 96, 96, 96, 96, 96, 96, 96, 96, 96, 96, 96, 96, 96, 96, 96, 96, 96, 96, 96, 96, 96, 96, 96, 96, 96, 96, 96, 96, 96, 96, 96, 96, 96, 96, 96, 96, 96, 96, 96, 96, 96, 96, 96, 96, 96, 96, 96, 96, 96, 96, 96, 96, 96, 96, 96, 96, 96, 96, 96, 96, 96, 96, 96, 96, 96, 96, 96, 96, 96, 96, 96, 96, 96, 96, 96, 96, 96, 96, 96, 96, 96, 96, 96, 96, 96, 96, 96, 96, 96, 96, 96, 96, 96, 96, 96, 96, 96, 96, 96, 96, 96, 96, 96, 96, 96, 96, 96, 96, 96, 96, 96, 96, 96, 96, 96, 96, 96, 96, 96, 96, 96, 96, 96, 96, 96, 96, 96, 96, 96, 96, 96, 96, 96, 96, 96, 96, 96, 96, 96, 96, 96, 96, 96, 96, 96, 96, 96, 96, 96, 96, 96, 96, 96, 96, 96, 96, 96, 96, 96, 96, 96, 96, 96, 96, 96, 96, 96, 96, 96, 96, 96, 96, 96, 96, 96, 96, 96, 96, 96, 96, 96, 96, 96], "t": [0.2237377166748047, 0.38241147994995117, 0.5411181449890137, 0.6711621284484863, 0.8285617828369141, 0.9866833686828613, 1.1159324645996094, 1.275437593460083, 1.4336884021759033, 1.5626397132873535, 1.7198083400726318, 1.8761582374572754, 2.0057709217071533, 2.161710500717163, 2.3167755603790283, 2.4774420261383057, 2.6058764457702637, 2.7643191814422607, 2.923433542251587, 3.051640510559082, 3.2102067470550537, 3.3694803714752197, 3.4979121685028076, 3.65590500831604, 3.814244031906128, 3.942847728729248, 4.099794864654541, 4.257932424545288, 4.386861324310303, 4.54431939125061, 4.701506853103638, 4.830842971801758, 4.987818002700806, 5.143839597702026, 5.273271322250366, 5.428377389907837, 5.5877838134765625, 5.747035503387451, 5.876394748687744, 6.03491735458374, 6.194283962249756, 6.3232879638671875, 6.481745719909668, 6.640444278717041, 6.769105911254883, 6.926562070846558, 7.084307432174683, 7.213440179824829, 7.371700048446655, 7.5299906730651855, 7.6591715812683105, 7.816413164138794, 7.973135232925415, 8.102948665618896, 8.259342908859253, 8.41464900970459, 8.575228691101074, 8.70382308959961, 8.862719297409058, 9.021778106689453, 9.150481700897217, 9.30992317199707, 9.469460725784302, 9.598291635513306, 9.75676703453064, 9.914815902709961, 10.043854713439941, 10.20114016532898, 10.359758853912354, 10.488858461380005, 10.646493434906006, 10.803847551345825, 10.933444738388062, 11.09032154083252, 11.246909141540527, 11.376863956451416, 11.532383441925049, 11.691945791244507, 11.851101875305176, 11.980437278747559, 12.13869833946228, 12.298311948776245, 12.427624464035034, 12.586243629455566, 12.74515676498413, 12.874379873275757, 13.032495021820068, 13.19057822227478, 13.319902181625366, 13.477971076965332, 13.636669635772705, 13.765747308731079, 13.923744678497314, 14.080392837524414, 14.210268259048462, 14.366620779037476, 14.521925926208496, 14.682520866394043, 14.811594247817993, 14.970940113067627, 15.130479335784912, 15.25969123840332, 15.419309616088867, 15.579148054122925, 15.708323001861572, 15.866938829421997, 16.025675773620605, 16.15512990951538, 16.3126802444458, 16.471506595611572, 16.60150647163391, 16.759076833724976, 16.916670560836792, 17.04703164100647, 17.20373034477234, 17.360626935958862, 17.490909099578857, 17.646559476852417, 17.806633472442627, 17.966442346572876, 18.095829963684082, 18.254663944244385, 18.414632320404053, 18.54413342475891, 18.703229665756226, 18.862695932388306, 18.99237871170044, 19.15165424346924, 19.310023546218872, 19.43997359275818, 19.59797167778015, 19.756635189056396, 19.88610601425171, 20.04405903816223, 20.200857877731323, 20.330610275268555, 20.48707628250122, 20.6423499584198, 20.80324959754944, 20.9326229095459, 21.09197449684143, 21.25154137611389, 21.380747079849243, 21.539998292922974, 21.699888944625854, 21.82928204536438, 21.98779320716858, 22.146300315856934, 22.276138305664062, 22.43399143218994, 22.592632055282593, 22.722124814987183, 22.880281448364258, 23.038113594055176, 23.168222904205322, 23.32518243789673, 23.482012510299683, 23.61220121383667, 23.76825523376465, 23.928704023361206, 24.08843684196472, 24.218168020248413, 24.377243995666504, 24.537423849105835, 24.66700291633606, 24.82635807991028, 24.98578143119812, 25.11526370048523, 25.27321481704712, 25.43115782737732, 25.560738563537598, 25.718986749649048, 25.877638816833496, 26.007322311401367, 26.165297031402588, 26.32258701324463, 26.45271110534668, 26.609522104263306, 26.765299558639526, 26.92633628845215, 27.055810689926147, 27.21538257598877, 27.375450611114502, 27.504451751708984, 27.664145708084106, 27.824020862579346, 27.95347762107849, 28.11205506324768, 28.270754098892212, 28.400326251983643, 28.557894706726074, 28.716771841049194, 28.84660577774048, 29.004595279693604, 29.162420988082886, 29.29256772994995, 29.449604511260986, 29.60615634918213, 29.736231803894043, 29.89221692085266]}, "GA": {"x": [0, 1, 2, 3, 4, 5, 6, 7, 8, 9, 10, 11, 12, 13, 14, 15, 16, 17, 18, 19, 20, 21, 22, 23, 24, 25, 26, 27, 28, 29, 30, 31, 32, 33, 34, 35, 36, 37, 38, 39, 40, 41, 42, 43, 44, 45, 46, 47, 48, 49, 50, 51, 52, 53, 54, 55, 56, 57, 58, 59, 60, 61, 62, 63, 64, 65, 66, 67, 68, 69, 70, 71, 72, 73, 74, 75, 76, 77, 78, 79, 80, 81, 82, 83, 84, 85, 86, 87, 88, 89, 90, 91, 92, 93, 94, 95, 96, 97, 98, 99, 100, 101, 102, 103, 104, 105, 106, 107, 108, 109, 110, 111, 112, 113, 114, 115, 116, 117, 118, 119, 120, 121, 122, 123, 124, 125, 126, 127, 128, 129, 130, 131, 132, 133, 134, 135, 136, 137, 138, 139, 140, 141, 142, 143, 144, 145, 146, 147, 148, 149, 150, 151, 152, 153, 154, 155, 156, 157, 158, 159, 160, 161, 162, 163, 164, 165, 166, 167, 168, 169, 170, 171, 172, 173, 174, 175, 176, 177, 178, 179, 180, 181, 182, 183, 184, 185, 186, 187, 188, 189, 190, 191, 192, 193, 194, 195, 196, 197, 198, 199], "y": [96, 96, 96, 96, 96, 96, 96, 96, 96, 96, 96, 96, 96, 96, 96, 96, 96, 96, 96, 96, 96, 96, 96, 96, 96, 96, 96, 96, 96, 96, 96, 96, 96, 96, 96, 96, 96, 96, 96, 96, 96, 96, 96, 96, 96, 96, 96, 96, 96, 96, 96, 96, 96, 96, 96, 96, 96, 96, 96, 96, 96, 96, 96, 96, 96, 96, 96, 96, 96, 96, 96, 96, 96, 96, 96, 96, 96, 96, 96, 96, 96, 96, 96, 96, 96, 96, 96, 96, 96, 96, 96, 96, 96, 96, 96, 96, 96, 96, 96, 96, 96, 96, 96, 96, 96, 96, 96, 96, 96, 96, 96, 96, 96, 96, 96, 96, 96, 96, 96, 96, 96, 96, 96, 96, 96, 96, 96, 96, 96, 96, 96, 96, 96, 96, 96, 96, 96, 96, 96, 96, 96, 96, 96, 96, 96, 96, 96, 96, 96, 96, 96, 96, 96, 96, 96, 96, 96, 96, 96, 96, 96, 96, 96, 96, 96, 96, 96, 96, 96, 96, 96, 96, 96, 96, 96, 96, 96, 96, 96, 96, 96, 96, 96, 96, 96, 96, 96, 96, 96, 96, 96, 96, 96, 96, 96, 96, 96, 96, 96, 96],