{"SA": {"x": [1, 2, 3, 4, 5, 6, 7, 8, 9, 10, 11, 12, 13, 14, 15, 16, 17, 18, 19, 20, 21, 22, 23, 24, 25, 26, 27, 28, 29, 30, 31, 32, 33, 34, 35, 36, 37, 38, 39, 40, 41, 42, 43, 44, 45, 46, 47, 48, 49, 50, 51, 52, 53, 54, 55, 56, 57, 58, 59, 60, 61, 62, 63, 64, 65, 66, 67, 68, 69, 70, 71, 72, 73, 74, 75, 76, 77, 78, 79, 80, 81, 82, 83, 84, 85, 86, 87, 88, 89, 90, 91, 92, 93, 94, 95, 96, 97, 98, 99, 100, 101, 102, 103, 104, 105, 106, 107, 108, 109, 110, 111, 112, 113, 114, 115, 116, 117, 118, 119, 120, 121, 122, 123, 124, 125, 126, 127, 128, 129, 130, 131, 132, 133, 134, 135, 136, 137, 138, 139, 140, 141, 142, 143, 144, 145, 146, 147, 148, 149, 150, 151, 152, 153, 154, 155, 156, 157, 158, 159, 160, 161, 162, 163, 164, 165, 166, 167, 168, 169, 170, 171, 172, 173, 174, 175, 176, 177, 178, 179, 180, 181, 182, 183, 184, 185, 186, 187, 188, 189, 190, 191, 192, 193, 194, 195, 196, 197, 198, 199, 200], "y": [107, 97, 97, 97, 97, 97, 97, 97, 97, 97, 97, 97, 97, 97, 97, 97, 97, 97, 97, 97, 97, 97, 97, 97, 97, 97, 97, 97, 97, 97, 97, 97, 97, 97, 97, 97, 97, 97, 97, 97, 97, 97, 97, 97, 97, 97, 97, 97, 97, 97, 97, 97, 97, 97, 97, 97, 97, 97, 97, 97, 97, 97, 97, 97, 97, 97, 97, 97, 97, 97, 97, 97, 97, 97, 97, 97, 97, 97, 97, 97, 97, 97, 97, 97, 97, 97, 97, 96, 96, 96, 96, 96, 96, 96, 96, 96, 96, 96, 96, 96, 96, 96, 96, 96, 96, 96, 96, 96, 96, 96, 96, 96, 96, 96, 96, 96, 96, 96, 96, 96, 96, 96, 96, 96, 96, 96, 96, 96, 96, 96, 96, 96, 96, 96, 96, 96, 96, 96, 96, 96, 96, 96, 96, 96, 96, 96, 96, 96, 96, 96, 96, 96, 96, 96, 96, 96, 96, 96, 96, 96, 96, 96, 96, 96, 96, 96, 96, 96, 96, 96, 96, 96, 96, 96, 96, 96, 96, 96, 96, 96, 96, 96, 96, 96, 96, 96, 96, 96, 96, 96, 96, 96, 96, 96, 96, 96, 96, 96, 96, 96], "t": [0.21497058868408203, 0.33880043029785156, 0.4910738468170166, 0.6432576179504395, 0.7663683891296387, 0.9185745716094971, 1.072683572769165, 1.1987533569335938, 1.3531584739685059, 1.5029332637786865, 1.6578595638275146, 1.7813835144042969, 1.9357903003692627, 2.089529514312744, 2.2132391929626465, 2.368051052093506, 2.5223982334136963, 2.645693063735962, 2.7983415126800537, 2.9518792629241943, 3.075927734375, 3.2279458045959473, 3.380671739578247, 3.5051000118255615, 3.6557490825653076, 3.8071351051330566, 3.933497190475464, 4.083266258239746, 4.237220048904419, 4.392023801803589, 4.5161590576171875, 4.669088363647461, 4.82340669631958, 4.947619438171387, 5.099537372589111, 5.250885009765625, 5.376284122467041, 5.527338266372681, 5.6779398918151855, 5.803549766540527, 5.954313039779663, 6.108147859573364, 6.261844158172607, 6.38714599609375, 6.540112733840942, 6.692919015884399, 6.817594528198242, 6.9698486328125, 7.122192621231079, 7.246966123580933, 7.399661302566528, 7.550288200378418, 7.674579381942749, 7.825218439102173, 7.9811320304870605, 8.168324947357178, 8.31643009185791, 8.502123594284058, 8.684727907180786, 8.825642824172974, 8.981837272644043, 9.138896942138672, 9.263935565948486, 9.419588088989258, 9.572237253189087, 9.696829080581665, 9.84950304031372, 10.000986099243164, 10.125314235687256, 10.275891065597534, 10.427454471588135, 10.581648349761963, 10.705856561660767, 10.860569953918457, 11.01416563987732, 11.138051748275757, 11.290335416793823, 11.444616556167603, 11.568424463272095, 11.720048666000366, 11.87299370765686, 11.9974684715271, 12.14969539642334, 12.324692249298096, 12.483624458312988, 12.609729290008545, 12.76841950416565, 12.92347264289856, 13.04786491394043, 13.202439546585083, 13.355901718139648, 13.4799325466156, 13.631760358810425, 13.782700300216675, 13.90767765045166, 14.05846619606018, 14.20831298828125, 14.36299443244934, 14.486831426620483, 14.639875650405884, 14.793254613876343, 14.917102098464966, 15.070843696594238, 15.224993228912354, 15.348590850830078, 15.503190040588379, 15.658132553100586, 15.782860517501831, 15.934955596923828, 16.08693790435791, 16.211829662322998, 16.36759114265442, 16.524648666381836, 16.650688409805298, 16.80032467842102, 16.954268217086792, 17.108610153198242, 17.23389768600464, 17.387087106704712, 17.540033102035522, 17.66563606262207, 17.82074284553528, 17.97421360015869, 18.10046362876892, 18.257692337036133, 18.408467292785645, 18.533331394195557, 18.682814359664917, 18.836782932281494, 18.99052667617798, 19.115047216415405, 19.268858194351196, 19.421934604644775, 19.546035051345825, 19.698664903640747, 19.85214328765869, 19.977866888046265, 20.13108730316162, 20.281895399093628, 20.406507968902588, 20.55715823173523, 20.719760179519653, 20.885496854782104, 21.049021244049072, 21.234644651412964, 21.395464181900024, 21.526004314422607, 21.68421483039856, 21.84419560432434, 21.973235845565796, 22.13064694404602, 22.28869128227234, 22.417814016342163, 22.573858737945557, 22.73367714881897, 22.86336088180542, 23.021812915802002, 23.177703380584717, 23.338340759277344, 23.468092679977417, 23.62663459777832, 23.787247896194458, 23.917911291122437, 24.075923204421997, 24.236892461776733, 24.367191314697266, 24.524914503097534, 24.682326793670654, 24.812066316604614, 24.968196630477905, 25.124715089797974, 25.283897399902344, 25.41541028022766, 25.573939085006714, 25.733614444732666, 25.863709449768066, 26.02187156677246, 26.179824113845825, 26.310887813568115, 26.468371391296387, 26.628902912139893, 26.761323928833008, 26.920549869537354, 27.079753637313843, 27.274670600891113, 27.412773847579956, 27.577171325683594, 27.74044680595398, 27.87130880355835, 28.032912492752075, 28.196415185928345, 28.32748246192932, 28.487412929534912, 28.644647121429443, 28.773277759552002, 28.9293475151062, 29.08486580848694, 29.21407461166382, 29.36912703514099, 29.523672342300415]}, "GA": {"x": [0, 1, 2, 3, 4, 5, 6, 7, 8, 9, 10, 11, 12, 13, 14, 15, 16, 17, 18, 19, 20, 21, 22, 23, 24, 25, 26, 27, 28, 29, 30, 31, 32, 33, 34, 35, 36, 37, 38, 39, 40, 41, 42, 43, 44, 45, 46, 47, 48, 49, 50, 51, 52, 53, 54, 55, 56, 57, 58, 59, 60, 61, 62, 63, 64, 65, 66, 67, 68, 69, 70, 71, 72, 73, 74, 75, 76, 77, 78, 79, 80, 81, 82, 83, 84, 85, 86, 87, 88, 89, 90, 91, 92, 93, 94, 95, 96, 97, 98, 99, 100, 101, 102, 103, 104, 105, 106, 107, 108, 109, 110, 111, 112, 113, 114, 115, 116, 117, 118, 119, 120, 121, 122, 123, 124, 125, 126, 127, 128, 129, 130, 131, 132, 133, 134, 135, 136, 137, 138, 139, 140, 141, 142, 143, 144, 145, 146, 147, 148, 149, 150, 151, 152, 153, 154, 155, 156, 157, 158, 159, 160, 161, 162, 163, 164, 165, 166, 167, 168, 169, 170, 171, 172, 173, 174, 175, 176, 177, 178, 179, 180, 181, 182, 183, 184, 185, 186, 187, 188, 189, 190, 191, 192, 193, 194, 195, 196, 197, 198, 199], "y": [97, 97, 97, 97, 97, 97, 97, 97, 97, 97, 97, 97, 97, 97, 96, 96, 96, 96, 96, 96, 96, 96, 96, 96, 96, 96, 96, 96, 96, 96, 96, 96, 96, 96, 96, 96, 96, 96, 96, 96, 96, 96, 96, 96, 96, 96, 96, 96, 96, 96, 96, 96, 96, 96, 96, 96, 96, 96, 96, 96, 96, 96, 96, 96, 96, 96, 96, 96, 96, 96, 96, 96, 96, 96, 96, 96, 96, 96, 96, 96, 96, 96, 96, 96, 96, 96, 96, 96, 96, 96, 96, 96, 96, 96, 96, 96, 96, 96, 96, 96, 96, 96, 96, 96, 96, 96, 96, 96, 96, 96, 96, 96, 96, 96, 96, 96, 96, 96, 96, 96, 96, 96, 96, 96, 96, 96, 96, 96, 96, 96, 96, 96, 96, 96, 96, 96, 96, 96, 96, 96, 96, 96, 96, 96, 96, 96, 96, 96, 96, 96, 96, 96, 96, 96, 96, 96, 96, 96, 96, 96, 96, 96, 96, 96, 96, 96, 96, 96, 96, 96, 96, 96, 96, 96, 96, 96, 96, 96, 96, 96, 96, 96, 96, 96, 96, 96, 96, 96, 96, 96, 96, 96, 96, 96, 96, 96, 96, 96, 96, 96],