{"SA": {"x": [1, 2, 3, 4, 5, 6, 7, 8, 9, 10, 11, 12, 13, 14, 15, 16, 17, 18, 19, 20, 21, 22, 23, 24, 25, 26, 27, 28, 29, 30, 31, 32, 33, 34, 35, 36, 37, 38, 39, 40, 41, 42, 43, 44, 45, 46, 47, 48, 49, 50, 51, 52, 53, 54, 55, 56, 57, 58, 59, 60, 61, 62, 63, 64, 65, 66, 67, 68, 69, 70, 71, 72, 73, 74, 75, 76, 77, 78, 79, 80, 81, 82, 83, 84, 85, 86, 87, 88, 89, 90, 91, 92, 93, 94, 95, 96, 97, 98, 99, 100, 101, 102, 103, 104, 105, 106, 107, 108, 109, 110, 111, 112, 113, 114, 115, 116, 117, 118, 119, 120, 121, 122, 123, 124, 125, 126, 127, 128, 129, 130, 131, 132, 133, 134, 135, 136, 137, 138, 139, 140, 141, 142, 143, 144, 145, 146, 147, 148, 149, 150, 151, 152, 153, 154, 155, 156, 157, 158, 159, 160, 161, 162, 163, 164, 165, 166, 167, 168, 169, 170, 171, 172, 173, 174, 175, 176, 177, 178, 179, 180, 181, 182, 183, 184, 185, 186, 187, 188, 189, 190, 191, 192, 193, 194, 195, 196, 197, 198, 199, 200], "y": [142, 142, 141, 141, 141, 141, 141, 141, 141, 141, 92, 92, 92, 91, 91, 91, 91, 91, 91, 91, 91, 91, 91, 91, 91, 91, 91, 91, 91, 91, 91, 91, 91, 91, 91, 91, 91, 91, 91, 91, 91, 91, 91, 91, 91, 91, 91, 91, 91, 91, 91, 91, 91, 91, 91, 91, 91, 91, 91, 91, 91, 91, 91, 91, 91, 91, 91, 91, 91, 91, 91, 91, 91, 91, 91, 91, 91, 91, 91, 91, 91, 91, 91, 91, 91, 91, 91, 91, 91, 91, 91, 91, 91, 91, 91, 91, 91, 91, 91, 91, 91, 91, 91, 91, 91, 91, 91, 91, 91, 91, 91, 91, 91, 91, 91, 91, 91, 91, 91, 91, 91, 91, 91, 91, 91, 91, 91, 91, 91, 91, 91, 91, 91, 91, 91, 91, 91, 91, 91, 91, 91, 91, 91, 91, 91, 91, 91, 91, 91, 91, 91, 91, 91, 91, 91, 91, 91, 91, 91, 91, 91, 91, 91, 91, 91, 91, 91, 91, 91, 91, 91, 91, 91, 91, 91, 91, 91, 91, 91, 91, 91, 91, 91, 91, 91, 91, 91, 91, 91, 91, 91, 91, 91, 91, 91, 91, 91, 91, 91, 91], "t": [0.20609140396118164, 0.35181188583374023, 0.5018148422241211, 0.6488485336303711, 0.7657127380371094, 0.9114298820495605, 1.0530681610107422, 1.1676025390625, 1.3069546222686768, 1.4462203979492188, 1.5900208950042725, 1.70330810546875, 1.8467819690704346, 1.989192008972168, 2.102654457092285, 2.245676279067993, 2.388791561126709, 2.504143238067627, 2.644650459289551, 2.7860844135284424, 2.9279441833496094, 3.0410399436950684, 3.1806957721710205, 3.319450855255127, 3.4318578243255615, 3.5716965198516846, 3.7092127799987793, 3.8506205081939697, 3.964378833770752, 4.105217695236206, 4.244959354400635, 4.3578715324401855, 4.497855186462402, 4.636844873428345, 4.748962879180908, 4.886801481246948, 5.029297828674316, 5.169750928878784, 5.281900405883789, 5.42164421081543, 5.561365842819214, 5.673918008804321, 5.81205677986145, 5.950252532958984, 6.09218430519104, 6.204412221908569, 6.344635725021362, 6.485210180282593, 6.597193002700806, 6.73589015007019, 6.873792886734009, 6.9871063232421875, 7.124157905578613, 7.265038967132568, 7.405546188354492, 7.518693685531616, 7.658233165740967, 7.796602249145508, 7.908567190170288, 8.04799222946167, 8.185465097427368, 8.325570821762085, 8.438095092773438, 8.578564882278442, 8.717833995819092, 8.829710721969604, 8.96881890296936, 9.106965780258179, 9.248711824417114, 9.361248016357422, 9.502216100692749, 9.642306804656982, 9.754673719406128, 9.894004106521606, 10.033850193023682, 10.145934104919434, 10.283826351165771, 10.425458669662476, 10.566640615463257, 10.678283214569092, 10.818180084228516, 10.958199501037598, 11.070525646209717, 11.208428621292114, 11.345476150512695, 11.488186836242676, 11.600332975387573, 11.74034857749939, 11.879555702209473, 11.99274468421936, 12.131819248199463, 12.269724130630493, 12.381105899810791, 12.519047498703003, 12.659793615341187, 12.799566507339478, 12.911096572875977, 13.051736831665039, 13.190474033355713, 13.302294492721558, 13.439939022064209, 13.577360391616821, 13.717578411102295, 13.829874992370605, 13.97059679031372, 14.109854221343994, 14.221373319625854, 14.360217332839966, 14.499926567077637, 14.611644506454468, 14.748366355895996, 14.888708591461182, 15.029792547225952, 15.141772508621216, 15.28053092956543, 15.418556213378906, 15.531665325164795, 15.670001029968262, 15.806575059890747, 15.94733190536499, 16.066111087799072, 16.206000566482544, 16.34543538093567, 16.457839250564575, 16.59593391418457, 16.733463525772095, 16.84568691253662, 16.983646392822266, 17.124006032943726, 17.263497352600098, 17.37576675415039, 17.516202211380005, 17.65398406982422, 17.765796422958374, 17.903311014175415, 18.04660940170288, 18.186527729034424, 18.298099994659424, 18.43786597251892, 18.5777325630188, 18.689547061920166, 18.828094005584717, 18.966421365737915, 19.10781764984131, 19.22034454345703, 19.360553741455078, 19.501288652420044, 19.61312508583069, 19.75221848487854, 19.890714168548584, 20.004004955291748, 20.141374349594116, 20.28220534324646, 20.424277782440186, 20.53726863861084, 20.676567554473877, 20.815263509750366, 20.927557706832886, 21.06684112548828, 21.20378851890564, 21.344419479370117, 21.457545518875122, 21.597869157791138, 21.736815929412842, 21.848737955093384, 21.98910927772522, 22.12719488143921, 22.239099979400635, 22.376251935958862, 22.51854372024536, 22.658581256866455, 22.77075743675232, 22.909798622131348, 23.049374103546143, 23.16139507293701, 23.299357652664185, 23.4362051486969, 23.577751398086548, 23.689719676971436, 23.829741716384888, 23.970454931259155, 24.082528591156006, 24.22108817100525, 24.359129667282104, 24.47238850593567, 24.61018395423889, 24.750727891921997, 24.890568494796753, 25.004411697387695, 25.1440532207489, 25.28247332572937, 25.3944149017334, 25.533440113067627, 25.670749187469482, 25.811006784439087, 25.922898054122925, 26.064324855804443, 26.203330278396606, 26.31535768508911, 26.454115390777588]}, "GA": {"x": [0, 1, 2, 3, 4, 5, 6, 7, 8, 9, 10, 11, 12, 13, 14, 15, 16, 17, 18, 19, 20, 21, 22, 23, 24, 25, 26, 27, 28, 29, 30, 31, 32, 33, 34, 35, 36, 37, 38, 39, 40, 41, 42, 43, 44, 45, 46, 47, 48, 49, 50, 51, 52, 53, 54, 55, 56, 57, 58, 59, 60, 61, 62, 63, 64, 65, 66, 67, 68, 69, 70, 71, 72, 73, 74, 75, 76, 77, 78, 79, 80, 81, 82, 83, 84, 85, 86, 87, 88, 89, 90, 91, 92, 93, 94, 95, 96, 97, 98, 99, 100, 101, 102, 103, 104, 105, 106, 107, 108, 109, 110, 111, 112, 113, 114, 115, 116, 117, 118, 119, 120, 121, 122, 123, 124, 125, 126, 127, 128, 129, 130, 131, 132, 133, 134, 135, 136, 137, 138, 139, 140, 141, 142, 143, 144, 145, 146, 147, 148, 149, 150, 151, 152, 153, 154, 155, 156, 157, 158, 159, 160, 161, 162, 163, 164, 165, 166, 167, 168, 169, 170, 171, 172, 173, 174, 175, 176, 177, 178, 179, 180, 181, 182, 183, 184, 185, 186, 187, 188, 189, 190, 191, 192, 193, 194, 195, 196, 197, 198, 199], "y": [91, 91, 91, 91, 91, 91, 91, 91, 91, 91, 91, 91, 91, 91, 91, 91, 91, 91, 91, 91, 91, 91, 91, 91, 91, 91, 91, 91, 91, 91, 91, 91, 91, 91, 91, 91, 91, 91, 91, 91, 91, 91, 91, 91, 91, 91, 91, 91, 91, 91, 91, 91, 91, 91, 91, 91, 91, 91, 91, 91, 91, 91, 91, 91, 91, 91, 91, 91, 91, 91, 91, 91, 91, 91, 91, 91, 91, 91, 91, 91, 91, 91, 91, 91, 91, 91, 91, 91, 91, 91, 91, 91, 91, 91, 91, 91, 91, 91, 91, 91, 91, 91, 91, 91, 91, 91, 91, 91, 91, 91, 91, 91, 91, 91, 91, 91, 91, 91, 91, 91, 91, 91, 91, 91, 91, 91, 91, 91, 91, 91, 91, 91, 91, 91, 91, 91, 91, 91, 91, 91, 91, 91, 91, 91, 91, 91, 91, 91, 91, 91, 91, 91, 91, 91, 91, 91, 91, 91, 91, 91, 91, 91, 91, 91, 91, 91, 91, 91, 91, 91, 91, 91, 91, 91, 91, 91, 91, 91, 91, 91, 91, 91, 91, 91, 91, 91, 91, 91, 91, 91, 91, 91, 91, 91, 91, 91, 91, 91, 91, 91],