{"SA": {"x": [1, 2, 3, 4, 5, 6, 7, 8, 9, 10, 11, 12, 13, 14, 15, 16, 17, 18, 19, 20, 21, 22, 23, 24, 25, 26, 27, 28, 29, 30, 31, 32, 33, 34, 35, 36, 37, 38, 39, 40, 41, 42, 43, 44, 45, 46, 47, 48, 49, 50, 51, 52, 53, 54, 55, 56, 57, 58, 59, 60, 61, 62, 63, 64, 65, 66, 67, 68, 69, 70, 71, 72, 73, 74, 75, 76, 77, 78, 79, 80, 81, 82, 83, 84, 85, 86, 87, 88, 89, 90, 91, 92, 93, 94, 95, 96, 97, 98, 99, 100, 101, 102, 103, 104, 105, 106, 107, 108, 109, 110, 111, 112, 113, 114, 115, 116, 117, 118, 119, 120, 121, 122, 123, 124, 125, 126, 127, 128, 129, 130, 131, 132, 133, 134, 135, 136, 137, 138, 139, 140, 141, 142, 143, 144, 145, 146, 147, 148, 149, 150, 151, 152, 153, 154, 155, 156, 157, 158, 159, 160, 161, 162, 163, 164, 165, 166, 167, 168, 169, 170, 171, 172, 173, 174, 175, 176, 177, 178, 179, 180, 181, 182, 183, 184, 185, 186, 187, 188, 189, 190, 191, 192, 193, 194, 195, 196, 197, 198, 199, 200], "y": [92, 92, 92, 92, 92, 92, 92, 92, 92, 92, 92, 92, 92, 92, 92, 92, 92, 92, 91, 91, 91, 91, 91, 91, 91, 91, 91, 91, 91, 91, 91, 91, 91, 91, 91, 91, 91, 91, 91, 91, 91, 91, 91, 91, 91, 91, 91, 91, 91, 91, 91, 91, 91, 91, 91, 91, 91, 91, 91, 91, 91, 91, 91, 91, 91, 91, 91, 91, 91, 91, 91, 91, 91, 91, 91, 91, 91, 91, 91, 91, 91, 91, 91, 91, 91, 91, 91, 91, 91, 91, 91, 91, 91, 91, 91, 91, 91, 91, 91, 91, 91, 91, 91, 91, 91, 91, 91, 91, 91, 91, 91, 91, 91, 91, 91, 91, 91, 91, 91, 91, 91, 91, 91, 91, 91, 91, 91, 91, 91, 91, 91, 91, 91, 91, 91, 91, 91, 91, 91, 91, 91, 91, 91, 91, 91, 91, 91, 91, 91, 91, 91, 91, 91, 91, 91, 91, 91, 91, 91, 91, 91, 91, 91, 91, 91, 91, 91, 91, 91, 91, 91, 91, 91, 91, 91, 91, 91, 91, 91, 91, 91, 91, 91, 91, 91, 91, 91, 91, 91, 91, 91, 91, 91, 91, 91, 91, 91, 91, 91, 91], "t": [0.20093917846679688, 0.31427979469299316, 0.4573814868927002, 0.5981922149658203, 0.7425365447998047, 0.8557500839233398, 1.0061933994293213, 1.1687698364257812, 1.2906591892242432, 1.446692943572998, 1.6022777557373047, 1.7248315811157227, 1.877537488937378, 2.0310847759246826, 2.154460906982422, 2.3048744201660156, 2.455930709838867, 2.610816478729248, 2.733264684677124, 2.886107921600342, 3.042184352874756, 3.164348840713501, 3.3169171810150146, 3.471980333328247, 3.594869613647461, 3.7469375133514404, 3.8989739418029785, 4.023585557937622, 4.17447566986084, 4.325391054153442, 4.450123310089111, 4.6005189418792725, 4.755236625671387, 4.879306077957153, 5.030393362045288, 5.1845080852508545, 5.339290618896484, 5.46335244178772, 5.615921974182129, 5.76809549331665, 5.892239809036255, 6.0452234745025635, 6.195706367492676, 6.350778579711914, 6.474518775939941, 6.628201246261597, 6.781908273696899, 6.904593467712402, 7.0577919483184814, 7.208897352218628, 7.333367347717285, 7.484479665756226, 7.638171434402466, 7.792470455169678, 7.915841817855835, 8.06918215751648, 8.222511529922485, 8.345815420150757, 8.49974012374878, 8.651049375534058, 8.774644136428833, 8.92585015296936, 9.080518960952759, 9.235275506973267, 9.357858657836914, 9.51282811164856, 9.667102098464966, 9.789918422698975, 9.942846298217773, 10.096413612365723, 10.21948790550232, 10.37128233909607, 10.523438453674316, 10.647165536880493, 10.79872989654541, 10.950565338134766, 11.10629391670227, 11.231296062469482, 11.381559610366821, 11.537902593612671, 11.66047477722168, 11.813270807266235, 11.968373537063599, 12.091059684753418, 12.242391347885132, 12.39327335357666, 12.518377542495728, 12.668516635894775, 12.821864366531372, 12.980207204818726, 13.103028059005737, 13.255237340927124, 13.406987190246582, 13.531652927398682, 13.682653903961182, 13.83279275894165, 13.98845887184143, 14.110656976699829, 14.263083696365356, 14.416915655136108, 14.540509223937988, 14.69285249710083, 14.845089197158813, 14.969265222549438, 15.120328187942505, 15.27003812789917, 15.42656660079956, 15.549967050552368, 15.702980756759644, 15.857014894485474, 15.981235980987549, 16.134319067001343, 16.287511587142944, 16.410044193267822, 16.562963247299194, 16.715020179748535, 16.838674783706665, 16.99057173728943, 17.141459226608276, 17.26492667198181, 17.4158775806427, 17.57093644142151, 17.69433832168579, 17.843873977661133, 17.999523401260376, 18.15401005744934, 18.276442050933838, 18.42991876602173, 18.58258628845215, 18.706226348876953, 18.856916666030884, 19.00865864753723, 19.163813829421997, 19.286640882492065, 19.440946578979492, 19.59446883201599, 19.71754288673401, 19.869174480438232, 20.02154040336609, 20.145487546920776, 20.294782876968384, 20.449659824371338, 20.603920698165894, 20.726818323135376, 20.87902045249939, 21.03389549255371, 21.156466484069824, 21.308481216430664, 21.46157193183899, 21.58531665802002, 21.735634326934814, 21.88920259475708, 22.04456639289856, 22.167099952697754, 22.320291996002197, 22.475569009780884, 22.598435163497925, 22.750821590423584, 22.904094696044922, 23.02779459953308, 23.179611682891846, 23.330878973007202, 23.455764532089233, 23.60715341567993, 23.757561206817627, 23.91343927383423, 24.03760313987732, 24.18747067451477, 24.342230558395386, 24.46635341644287, 24.62007999420166, 24.773385047912598, 24.89594602584839, 25.051765203475952, 25.202929258346558, 25.326558113098145, 25.47741413116455, 25.631229162216187, 25.78602409362793, 25.909038066864014, 26.062227725982666, 26.213870525360107, 26.337594747543335, 26.490077018737793, 26.639993906021118, 26.79475736618042, 26.91817879676819, 27.072017192840576, 27.225104808807373, 27.347845554351807, 27.501914978027344, 27.654799699783325, 27.77858591079712, 27.930450916290283, 28.0809006690979, 28.236274242401123, 28.35928201675415, 28.51427960395813, 28.668631553649902, 28.791511058807373]}, "GA": {"x": [0, 1, 2, 3, 4, 5, 6, 7, 8, 9, 10, 11, 12, 13, 14, 15, 16, 17, 18, 19, 20, 21, 22, 23, 24, 25, 26, 27, 28, 29, 30, 31, 32, 33, 34, 35, 36, 37, 38, 39, 40, 41, 42, 43, 44, 45, 46, 47, 48, 49, 50, 51, 52, 53, 54, 55, 56, 57, 58, 59, 60, 61, 62, 63, 64, 65, 66, 67, 68, 69, 70, 71, 72, 73, 74, 75, 76, 77, 78, 79, 80, 81, 82, 83, 84, 85, 86, 87, 88, 89, 90, 91, 92, 93, 94, 95, 96, 97, 98, 99, 100, 101, 102, 103, 104, 105, 106, 107, 108, 109, 110, 111, 112, 113, 114, 115, 116, 117, 118, 119, 120, 121, 122, 123, 124, 125, 126, 127, 128, 129, 130, 131, 132, 133, 134, 135, 136, 137, 138, 139, 140, 141, 142, 143, 144, 145, 146, 147, 148, 149, 150, 151, 152, 153, 154, 155, 156, 157, 158, 159, 160, 161, 162, 163, 164, 165, 166, 167, 168, 169, 170, 171, 172, 173, 174, 175, 176, 177, 178, 179, 180, 181, 182, 183, 184, 185, 186, 187, 188, 189, 190, 191, 192, 193, 194, 195, 196, 197, 198, 199], "y": [91, 91, 91, 91, 91, 91, 91, 91, 91, 91, 91, 91, 91, 91, 91, 91, 91, 91, 91, 91, 91, 91, 91, 91, 91, 91, 91, 91, 91, 91, 91, 91, 91, 91, 91, 91, 91, 91, 91, 91, 91, 91, 91, 91, 91, 91, 91, 91, 91, 91, 91, 91, 91, 91, 91, 91, 91, 91, 91, 91, 91, 91, 91, 91, 91, 91, 91, 91, 91, 91, 91, 91, 91, 91, 91, 91, 91, 91, 91, 91, 91, 91, 91, 91, 91, 91, 91, 91, 91, 91, 91, 91, 91, 91, 91, 91, 91, 91, 91, 91, 91, 91, 91, 91, 91, 91, 91, 91, 91, 91, 91, 91, 91, 91, 91, 91, 91, 91, 91, 91, 91, 91, 91, 91, 91, 91, 91, 91, 91, 91, 91, 91, 91, 91, 91, 91, 91, 91, 91, 91, 91, 91, 91, 91, 91, 91, 91, 91, 91, 91, 91, 91, 91, 91, 91, 91, 91, 91, 91, 91, 91, 91, 91, 91, 91, 91, 91, 91, 91, 91, 91, 91, 91, 91, 91, 91, 91, 91, 91, 91, 91, 91, 91, 91, 91, 91, 91, 91, 91, 91, 91, 91, 91, 91, 91, 91, 91, 91, 91, 91],