{"SA": {"x": [1, 2, 3, 4, 5, 6, 7, 8, 9, 10, 11, 12, 13, 14, 15, 16, 17, 18, 19, 20, 21, 22, 23, 24, 25, 26, 27, 28, 29, 30, 31, 32, 33, 34, 35, 36, 37, 38, 39, 40, 41, 42, 43, 44, 45, 46, 47, 48, 49, 50, 51, 52, 53, 54, 55, 56, 57, 58, 59, 60, 61, 62, 63, 64, 65, 66, 67, 68, 69, 70, 71, 72, 73, 74, 75, 76, 77, 78, 79, 80, 81, 82, 83, 84, 85, 86, 87, 88, 89, 90, 91, 92, 93, 94, 95, 96, 97, 98, 99, 100, 101, 102, 103, 104, 105, 106, 107, 108, 109, 110, 111, 112, 113, 114, 115, 116, 117, 118, 119, 120, 121, 122, 123, 124, 125, 126, 127, 128, 129, 130, 131, 132, 133, 134, 135, 136, 137, 138, 139, 140, 141, 142, 143, 144, 145, 146, 147, 148, 149, 150, 151, 152, 153, 154, 155, 156, 157, 158, 159, 160, 161, 162, 163, 164, 165, 166, 167, 168, 169, 170, 171, 172, 173, 174, 175, 176, 177, 178, 179, 180, 181, 182, 183, 184, 185, 186, 187, 188, 189, 190, 191, 192, 193, 194, 195, 196, 197, 198, 199, 200], "y": [142, 93, 93, 92, 92, 92, 92, 92, 91, 91, 91, 91, 91, 91, 91, 91, 91, 91, 91, 91, 91, 91, 91, 91, 91, 91, 91, 91, 91, 91, 91, 91, 91, 91, 91, 91, 91, 91, 91, 91, 91, 91, 91, 91, 91, 91, 91, 91, 91, 91, 91, 91, 91, 91, 91, 91, 91, 91, 91, 91, 91, 91, 91, 91, 91, 91, 91, 91, 91, 91, 91, 91, 91, 91, 91, 91, 91, 91, 91, 91, 91, 91, 91, 91, 91, 91, 91, 91, 91, 91, 91, 91, 91, 91, 91, 91, 91, 91, 91, 91, 91, 91, 91, 91, 91, 91, 91, 91, 91, 91, 91, 91, 91, 91, 91, 91, 91, 91, 91, 91, 91, 91, 91, 91, 91, 91, 91, 91, 91, 91, 91, 91, 91, 91, 91, 91, 91, 91, 91, 91, 91, 91, 91, 91, 91, 91, 91, 91, 91, 91, 91, 91, 91, 91, 91, 91, 91, 91, 91, 91, 91, 91, 91, 91, 91, 91, 91, 91, 91, 91, 91, 91, 91, 91, 91, 91, 91, 91, 91, 91, 91, 91, 91, 91, 91, 91, 91, 91, 91, 91, 91, 91, 91, 91, 91, 91, 91, 91, 91, 91], "t": [0.197998046875, 0.33743977546691895, 0.483642578125, 0.597029447555542, 0.739600419998169, 0.8832190036773682, 0.9987080097198486, 1.1511919498443604, 1.2944579124450684, 1.4131338596343994, 1.5532982349395752, 1.700382947921753, 1.8427739143371582, 1.9580039978027344, 2.0999791622161865, 2.24159574508667, 2.3552145957946777, 2.4990932941436768, 2.6398677825927734, 2.752716064453125, 2.893341541290283, 3.0371346473693848, 3.1801059246063232, 3.292924404144287, 3.436079978942871, 3.578141450881958, 3.691265344619751, 3.8319156169891357, 3.9732279777526855, 4.1166393756866455, 4.229426622390747, 4.372205972671509, 4.514960050582886, 4.627416133880615, 4.7689995765686035, 4.910637617111206, 5.023808717727661, 5.163011312484741, 5.306539297103882, 5.450213670730591, 5.563477516174316, 5.705245494842529, 5.846225261688232, 5.960401296615601, 6.101553201675415, 6.241007089614868, 6.3852598667144775, 6.498799800872803, 6.64155912399292, 6.783337354660034, 6.897131443023682, 7.0392961502075195, 7.181352615356445, 7.294367074966431, 7.436332702636719, 7.576022386550903, 7.7195069789886475, 7.832538843154907, 7.977293014526367, 8.119199514389038, 8.231794834136963, 8.373921871185303, 8.515369415283203, 8.628227233886719, 8.767625570297241, 8.911772727966309, 9.054429531097412, 9.167459487915039, 9.30922555923462, 9.45132040977478, 9.564621448516846, 9.705384969711304, 9.844712972640991, 9.989089727401733, 10.102344512939453, 10.24509334564209, 10.388357877731323, 10.501488447189331, 10.64274287223816, 10.783485412597656, 10.89759111404419, 11.037649393081665, 11.18074655532837, 11.323404788970947, 11.437970161437988, 11.579438924789429, 11.72110891342163, 11.833780288696289, 11.976970911026001, 12.117757797241211, 12.230230808258057, 12.369808435440063, 12.514372825622559, 12.657342195510864, 12.77021074295044, 12.913432598114014, 13.054616212844849, 13.168017148971558, 13.308621168136597, 13.449713945388794, 13.592832803726196, 13.70601201057434, 13.848685026168823, 13.991652011871338, 14.104243516921997, 14.245392560958862, 14.387004375457764, 14.50043535232544, 14.639682292938232, 14.782711505889893, 14.926789999008179, 15.039787292480469, 15.181308269500732, 15.321948528289795, 15.436035871505737, 15.576608657836914, 15.716172218322754, 15.858690977096558, 15.972309827804565, 16.115344285964966, 16.25689172744751, 16.369547843933105, 16.51225733757019, 16.65371799468994, 16.76707434654236, 16.90857434272766, 17.048235654830933, 17.19145441055298, 17.304681539535522, 17.448848485946655, 17.59082818031311, 17.704522132873535, 17.8458833694458, 17.98780345916748, 18.10091757774353, 18.23998498916626, 18.383824586868286, 18.527559518814087, 18.64022445678711, 18.781772136688232, 18.924194812774658, 19.036903619766235, 19.177464723587036, 19.316493034362793, 19.460330486297607, 19.57315969467163, 19.716208457946777, 19.857985258102417, 19.97174596786499, 20.11284828186035, 20.25282311439514, 20.366302967071533, 20.506996393203735, 20.649676084518433, 20.791783094406128, 20.905694723129272, 21.047263145446777, 21.188776969909668, 21.301385641098022, 21.444140195846558, 21.58523416519165, 21.69782567024231, 21.837157726287842, 21.982090711593628, 22.12498903274536, 22.237569570541382, 22.379751920700073, 22.52207636833191, 22.63513946533203, 22.775883197784424, 22.91670823097229, 23.05969500541687, 23.172486066818237, 23.31545877456665, 23.458558559417725, 23.571256399154663, 23.712610006332397, 23.85286021232605, 23.967012405395508, 24.106229543685913, 24.24902868270874, 24.392909049987793, 24.506353855133057, 24.64788269996643, 24.78945827484131, 24.903019666671753, 25.043586254119873, 25.183305978775024, 25.326040983200073, 25.44018840789795, 25.58255434036255, 25.724173069000244, 25.836525678634644, 25.979586601257324, 26.121588706970215, 26.234488248825073, 26.376038074493408, 26.517223358154297, 26.660373210906982, 26.773436784744263]}, "GA": {"x": [0, 1, 2, 3, 4, 5, 6, 7, 8, 9, 10, 11, 12, 13, 14, 15, 16, 17, 18, 19, 20, 21, 22, 23, 24, 25, 26, 27, 28, 29, 30, 31, 32, 33, 34, 35, 36, 37, 38, 39, 40, 41, 42, 43, 44, 45, 46, 47, 48, 49, 50, 51, 52, 53, 54, 55, 56, 57, 58, 59, 60, 61, 62, 63, 64, 65, 66, 67, 68, 69, 70, 71, 72, 73, 74, 75, 76, 77, 78, 79, 80, 81, 82, 83, 84, 85, 86, 87, 88, 89, 90, 91, 92, 93, 94, 95, 96, 97, 98, 99, 100, 101, 102, 103, 104, 105, 106, 107, 108, 109, 110, 111, 112, 113, 114, 115, 116, 117, 118, 119, 120, 121, 122, 123, 124, 125, 126, 127, 128, 129, 130, 131, 132, 133, 134, 135, 136, 137, 138, 139, 140, 141, 142, 143, 144, 145, 146, 147, 148, 149, 150, 151, 152, 153, 154, 155, 156, 157, 158, 159, 160, 161, 162, 163, 164, 165, 166, 167, 168, 169, 170, 171, 172, 173, 174, 175, 176, 177, 178, 179, 180, 181, 182, 183, 184, 185, 186, 187, 188, 189, 190, 191, 192, 193, 194, 195, 196, 197, 198, 199], "y": [92, 92, 92, 92, 92, 92, 92, 92, 92, 92, 92, 92, 92, 92, 92, 92, 92, 92, 92, 92, 92, 92, 92, 92, 92, 92, 92, 92, 92, 92, 92, 92, 92, 92, 92, 92, 92, 92, 92, 92, 92, 92, 92, 92, 92, 92, 92, 92, 92, 92, 92, 92, 92, 92, 92, 92, 92, 92, 92, 92, 92, 92, 92, 92, 92, 92, 92, 92, 92, 92, 92, 92, 92, 92, 92, 92, 92, 92, 92, 92, 92, 92, 92, 92, 92, 92, 92, 92, 92, 92, 92, 92, 92, 92, 92, 92, 92, 92, 92, 92, 92, 92, 92, 92, 92, 92, 92, 92, 92, 92, 92, 92, 92, 92, 92, 92, 92, 92, 92, 92, 92, 92, 92, 92, 92, 92, 92, 92, 92, 92, 92, 92, 92, 92, 92, 92, 92, 92, 92, 92, 92, 92, 92, 92, 92, 92, 92, 92, 92, 92, 92, 92, 92, 92, 92, 92, 92, 92, 92, 92, 92, 92, 92, 92, 92, 92, 92, 92, 92, 92, 92, 92, 92, 92, 92, 92, 92, 92, 92, 92, 92, 92, 92, 92, 92, 92, 92, 92, 92, 92, 92, 92, 92, 92, 92, 92, 92, 92, 92, 92],