{"SA": {"x": [1, 2, 3, 4, 5, 6, 7, 8, 9, 10, 11, 12, 13, 14, 15, 16, 17, 18, 19, 20, 21, 22, 23, 24, 25, 26, 27, 28, 29, 30, 31, 32, 33, 34, 35, 36, 37, 38, 39, 40, 41, 42, 43, 44, 45, 46, 47, 48, 49, 50, 51, 52, 53, 54, 55, 56, 57, 58, 59, 60, 61, 62, 63, 64, 65, 66, 67, 68, 69, 70, 71, 72, 73, 74, 75, 76, 77, 78, 79, 80, 81, 82, 83, 84, 85, 86, 87, 88, 89, 90, 91, 92, 93, 94, 95, 96, 97, 98, 99, 100, 101, 102, 103, 104, 105, 106, 107, 108, 109, 110, 111, 112, 113, 114, 115, 116, 117, 118, 119, 120, 121, 122, 123, 124, 125, 126, 127, 128, 129, 130, 131, 132, 133, 134, 135, 136, 137, 138, 139, 140, 141, 142, 143, 144, 145, 146, 147, 148, 149, 150, 151, 152, 153, 154, 155, 156, 157, 158, 159, 160, 161, 162, 163, 164, 165, 166, 167, 168, 169, 170, 171, 172, 173, 174, 175, 176, 177, 178, 179, 180, 181, 182, 183, 184, 185, 186, 187, 188, 189, 190, 191, 192, 193, 194, 195, 196, 197, 198, 199, 200], "y": [142, 91, 91, 91, 91, 91, 91, 91, 91, 91, 91, 91, 91, 91, 91, 91, 91, 91, 91, 91, 91, 91, 91, 91, 91, 91, 91, 91, 91, 91, 91, 91, 91, 91, 91, 91, 91, 91, 91, 91, 91, 91, 91, 91, 91, 91, 91, 91, 91, 91, 91, 91, 91, 91, 91, 91, 91, 91, 91, 91, 91, 91, 91, 91, 91, 91, 91, 91, 91, 91, 91, 91, 91, 91, 91, 91, 91, 91, 91, 91, 91, 91, 91, 91, 91, 91, 91, 91, 91, 91, 91, 91, 91, 91, 91, 91, 91, 91, 91, 91, 91, 91, 91, 91, 91, 91, 91, 91, 91, 91, 91, 91, 91, 91, 91, 91, 91, 91, 91, 91, 91, 91, 91, 91, 91, 91, 91, 91, 91, 91, 91, 91, 91, 91, 91, 91, 91, 91, 91, 91, 91, 91, 91, 91, 91, 91, 91, 91, 91, 91, 91, 91, 91, 91, 91, 91, 91, 91, 91, 91, 91, 91, 91, 91, 91, 91, 91, 91, 91, 91, 91, 91, 91, 91, 91, 91, 91, 91, 91, 91, 91, 91, 91, 91, 91, 91, 91, 91, 91, 91, 91, 91, 91, 91, 91, 91, 91, 91, 91, 91], "t": [0.21504640579223633, 0.33885955810546875, 0.49204540252685547, 0.64272141456604, 0.798450231552124, 0.9213168621063232, 1.0816349983215332, 1.2375516891479492, 1.3629705905914307, 1.5186281204223633, 1.6732215881347656, 1.7965900897979736, 1.9490599632263184, 2.1003246307373047, 2.2568023204803467, 2.3797786235809326, 2.535290241241455, 2.690661907196045, 2.8141543865203857, 2.96920108795166, 3.1236464977264404, 3.2462878227233887, 3.3997812271118164, 3.553656578063965, 3.677560329437256, 3.829028367996216, 3.9826767444610596, 4.106778621673584, 4.258322238922119, 4.409322738647461, 4.565713167190552, 4.688614368438721, 4.842624187469482, 4.9976701736450195, 5.12080192565918, 5.27415919303894, 5.427054166793823, 5.551773548126221, 5.703327894210815, 5.85571026802063, 5.980176210403442, 6.131591081619263, 6.2870423793792725, 6.411689281463623, 6.564168453216553, 6.71938943862915, 6.875014781951904, 6.999748706817627, 7.153153419494629, 7.30610203742981, 7.431359529495239, 7.584314823150635, 7.735480546951294, 7.891672849655151, 8.015802383422852, 8.170455694198608, 8.324857950210571, 8.448837757110596, 8.602942705154419, 8.757169008255005, 8.88133192062378, 9.034979343414307, 9.186065673828125, 9.342281341552734, 9.466953039169312, 9.621365547180176, 9.776842832565308, 9.900156736373901, 10.055606365203857, 10.210488319396973, 10.33366322517395, 10.488410234451294, 10.642436027526855, 10.766396284103394, 10.918404817581177, 11.071789503097534, 11.196171283721924, 11.348111391067505, 11.500808477401733, 11.655698537826538, 11.77862024307251, 11.93331789970398, 12.088041067123413, 12.21092939376831, 12.364537715911865, 12.518497228622437, 12.642513513565063, 12.794426441192627, 12.947677373886108, 13.07209324836731, 13.223617792129517, 13.379076719284058, 13.504503726959229, 13.655940532684326, 13.811126470565796, 13.968293905258179, 14.091631889343262, 14.245434284210205, 14.39857816696167, 14.523942708969116, 14.675745964050293, 14.82676887512207, 14.984735488891602, 15.107901096343994, 15.26209020614624, 15.416802406311035, 15.54131531715393, 15.695215463638306, 15.849413871765137, 15.974722146987915, 16.126768827438354, 16.278086185455322, 16.435487270355225, 16.559732675552368, 16.714163064956665, 16.869771718978882, 16.994519472122192, 17.149492502212524, 17.3042414188385, 17.427520990371704, 17.582175731658936, 17.73649263381958, 17.86113476753235, 18.014904260635376, 18.16764760017395, 18.29176926612854, 18.44568657875061, 18.596949338912964, 18.75257110595703, 18.87564778327942, 19.032195806503296, 19.186359405517578, 19.309715032577515, 19.465145111083984, 19.619006633758545, 19.743141174316406, 19.894980430603027, 20.048932552337646, 20.17327904701233, 20.32495903968811, 20.482210159301758, 20.60629630088806, 20.757853984832764, 20.91277050971985, 21.070126056671143, 21.193376064300537, 21.347360610961914, 21.502371072769165, 21.626632928848267, 21.77848529815674, 21.930577039718628, 22.087866067886353, 22.211223363876343, 22.365795373916626, 22.52176856994629, 22.64526653289795, 22.79904866218567, 22.954650163650513, 23.079005241394043, 23.23165202140808, 23.38278579711914, 23.541436672210693, 23.664945363998413, 23.819659948349, 23.977599143981934, 24.100754737854004, 24.255263328552246, 24.410995483398438, 24.536085844039917, 24.689791440963745, 24.843790769577026, 24.969805240631104, 25.122026681900024, 25.274399518966675, 25.39870047569275, 25.552979707717896, 25.704014539718628, 25.859581232070923, 25.98415756225586, 26.138412714004517, 26.29311227798462, 26.416910409927368, 26.571850538253784, 26.725569486618042, 26.85067629814148, 27.004963636398315, 27.157753705978394, 27.28183937072754, 27.43516731262207, 27.591540336608887, 27.715415239334106, 27.866324186325073, 28.023520946502686, 28.17876625061035, 28.3020122051239, 28.457134008407593, 28.61076784133911, 28.734927654266357, 28.887136936187744, 29.04034948348999]}, "GA": {"x": [0, 1, 2, 3, 4, 5, 6, 7, 8, 9, 10, 11, 12, 13, 14, 15, 16, 17, 18, 19, 20, 21, 22, 23, 24, 25, 26, 27, 28, 29, 30, 31, 32, 33, 34, 35, 36, 37, 38, 39, 40, 41, 42, 43, 44, 45, 46, 47, 48, 49, 50, 51, 52, 53, 54, 55, 56, 57, 58, 59, 60, 61, 62, 63, 64, 65, 66, 67, 68, 69, 70, 71, 72, 73, 74, 75, 76, 77, 78, 79, 80, 81, 82, 83, 84, 85, 86, 87, 88, 89, 90, 91, 92, 93, 94, 95, 96, 97, 98, 99, 100, 101, 102, 103, 104, 105, 106, 107, 108, 109, 110, 111, 112, 113, 114, 115, 116, 117, 118, 119, 120, 121, 122, 123, 124, 125, 126, 127, 128, 129, 130, 131, 132, 133, 134, 135, 136, 137, 138, 139, 140, 141, 142, 143, 144, 145, 146, 147, 148, 149, 150, 151, 152, 153, 154, 155, 156, 157, 158, 159, 160, 161, 162, 163, 164, 165, 166, 167, 168, 169, 170, 171, 172, 173, 174, 175, 176, 177, 178, 179, 180, 181, 182, 183, 184, 185, 186, 187, 188, 189, 190, 191, 192, 193, 194, 195, 196, 197, 198, 199], "y": [92, 91, 91, 91, 91, 91, 91, 91, 91, 91, 91, 91, 91, 91, 91, 91, 91, 91, 91, 91, 91, 91, 91, 91, 91, 91, 91, 91, 91, 91, 91, 91, 91, 91, 91, 91, 91, 91, 91, 91, 91, 91, 91, 91, 91, 91, 91, 91, 91, 91, 91, 91, 91, 91, 91, 91, 91, 91, 91, 91, 91, 91, 91, 91, 91, 91, 91, 91, 91, 91, 91, 91, 91, 91, 91, 91, 91, 91, 91, 91, 91, 91, 91, 91, 91, 91, 91, 91, 91, 91, 91, 91, 91, 91, 91, 91, 91, 91, 91, 91, 91, 91, 91, 91, 91, 91, 91, 91, 91, 91, 91, 91, 91, 91, 91, 91, 91, 91, 91, 91, 91, 91, 91, 91, 91, 91, 91, 91, 91, 91, 91, 91, 91, 91, 91, 91, 91, 91, 91, 91, 91, 91, 91, 91, 91, 91, 91, 91, 91, 91, 91, 91, 91, 91, 91, 91, 91, 91, 91, 91, 91, 91, 91, 91, 91, 91, 91, 91, 91, 91, 91, 91, 91, 91, 91, 91, 91, 91, 91, 91, 91, 91, 91, 91, 91, 91, 91, 91, 91, 91, 91, 91, 91, 91, 91, 91, 91, 91, 91, 91],