{"SA": {"x": [1, 2, 3, 4, 5, 6, 7, 8, 9, 10, 11, 12, 13, 14, 15, 16, 17, 18, 19, 20, 21, 22, 23, 24, 25, 26, 27, 28, 29, 30, 31, 32, 33, 34, 35, 36, 37, 38, 39, 40, 41, 42, 43, 44, 45, 46, 47, 48, 49, 50, 51, 52, 53, 54, 55, 56, 57, 58, 59, 60, 61, 62, 63, 64, 65, 66, 67, 68, 69, 70, 71, 72, 73, 74, 75, 76, 77, 78, 79, 80, 81, 82, 83, 84, 85, 86, 87, 88, 89, 90, 91, 92, 93, 94, 95, 96, 97, 98, 99, 100, 101, 102, 103, 104, 105, 106, 107, 108, 109, 110, 111, 112, 113, 114, 115, 116, 117, 118, 119, 120, 121, 122, 123, 124, 125, 126, 127, 128, 129, 130, 131, 132, 133, 134, 135, 136, 137, 138, 139, 140, 141, 142, 143, 144, 145, 146, 147, 148, 149, 150, 151, 152, 153, 154, 155, 156, 157, 158, 159, 160, 161, 162, 163, 164, 165, 166, 167, 168, 169, 170, 171, 172, 173, 174, 175, 176, 177, 178, 179, 180, 181, 182, 183, 184, 185, 186, 187, 188, 189, 190, 191, 192, 193, 194, 195, 196, 197, 198, 199, 200], "y": [142, 142, 142, 92, 92, 92, 92, 92, 91, 91, 91, 91, 91, 91, 91, 91, 91, 91, 91, 91, 91, 91, 91, 91, 91, 91, 91, 91, 91, 91, 91, 91, 91, 91, 91, 91, 91, 91, 91, 91, 91, 91, 91, 91, 91, 91, 91, 91, 91, 91, 91, 91, 91, 91, 91, 91, 91, 91, 91, 91, 91, 91, 91, 91, 91, 91, 91, 91, 91, 91, 91, 91, 91, 91, 91, 91, 91, 91, 91, 91, 91, 91, 91, 91, 91, 91, 91, 91, 91, 91, 91, 91, 91, 91, 91, 91, 91, 91, 91, 91, 91, 91, 91, 91, 91, 91, 91, 91, 91, 91, 91, 91, 91, 91, 91, 91, 91, 91, 91, 91, 91, 91, 91, 91, 91, 91, 91, 91, 91, 91, 91, 91, 91, 91, 91, 91, 91, 91, 91, 91, 91, 91, 91, 91, 91, 91, 91, 91, 91, 91, 91, 91, 91, 91, 91, 91, 91, 91, 91, 91, 91, 91, 91, 91, 91, 91, 91, 91, 91, 91, 91, 91, 91, 91, 91, 91, 91, 91, 91, 91, 91, 91, 91, 91, 91, 91, 91, 91, 91, 91, 91, 91, 91, 91, 91, 91, 91, 91, 91, 91], "t": [0.20686697959899902, 0.32525134086608887, 0.4714219570159912, 0.6178302764892578, 0.7354862689971924, 0.8814876079559326, 1.034080982208252, 1.1861155033111572, 1.3066816329956055, 1.4553132057189941, 1.6051242351531982, 1.722301721572876, 1.870471477508545, 2.0171923637390137, 2.134530782699585, 2.2805533409118652, 2.424622058868408, 2.5736491680145264, 2.691314458847046, 2.840397357940674, 2.9879095554351807, 3.1054270267486572, 3.252626657485962, 3.398404598236084, 3.516322135925293, 3.660315990447998, 3.8109617233276367, 3.9592843055725098, 4.076108694076538, 4.222688913345337, 4.371300935745239, 4.489202260971069, 4.633863687515259, 4.778423070907593, 4.927231073379517, 5.044872999191284, 5.1918559074401855, 5.340416669845581, 5.457793951034546, 5.603442192077637, 5.749550104141235, 5.867841958999634, 6.011528253555298, 6.159250497817993, 6.308836936950684, 6.426313638687134, 6.573427200317383, 6.720869779586792, 6.839852809906006, 6.985661506652832, 7.130214691162109, 7.249020338058472, 7.393767833709717, 7.541982173919678, 7.689502000808716, 7.808171033859253, 7.9543983936309814, 8.101471185684204, 8.218648195266724, 8.365427255630493, 8.50951862335205, 8.659086465835571, 8.778004884719849, 8.92536187171936, 9.072376251220703, 9.1902916431427, 9.338711500167847, 9.484391689300537, 9.602332592010498, 9.747430801391602, 9.896182298660278, 10.044419765472412, 10.161617040634155, 10.310137748718262, 10.457104682922363, 10.575157880783081, 10.719721794128418, 10.86487364768982, 11.01377558708191, 11.131692171096802, 11.280152082443237, 11.428321123123169, 11.545609712600708, 11.692745923995972, 11.841546535491943, 11.959251642227173, 12.099761724472046, 12.24015760421753, 12.38461971282959, 12.497446298599243, 12.639751672744751, 12.783321619033813, 12.896680355072021, 13.038308382034302, 13.1785409450531, 13.292508840560913, 13.432673692703247, 13.576304912567139, 13.718793630599976, 13.832433700561523, 13.9740571975708, 14.115312099456787, 14.22837781906128, 14.369864225387573, 14.509185552597046, 14.652451038360596, 14.766742944717407, 14.909088850021362, 15.050311803817749, 15.16301155090332, 15.30630087852478, 15.446592092514038, 15.558913230895996, 15.698196172714233, 15.843066930770874, 15.985337495803833, 16.09797215461731, 16.241426467895508, 16.3836932182312, 16.49681305885315, 16.637874841690063, 16.779147386550903, 16.89182949066162, 17.031487464904785, 17.175036907196045, 17.3180091381073, 17.430830717086792, 17.572746992111206, 17.714298009872437, 17.82882332801819, 17.970078468322754, 18.109509468078613, 18.25453209877014, 18.36794400215149, 18.510750770568848, 18.652279138565063, 18.766282558441162, 18.908084392547607, 19.048332452774048, 19.160730361938477, 19.307921171188354, 19.451451301574707, 19.594090223312378, 19.706697940826416, 19.85013222694397, 19.9913489818573, 20.10499095916748, 20.246421337127686, 20.3859384059906, 20.528676748275757, 20.64164113998413, 20.785255432128906, 20.92758083343506, 21.040827989578247, 21.183054208755493, 21.32579779624939, 21.438632011413574, 21.57893466949463, 21.718351125717163, 21.863398551940918, 21.975932598114014, 22.118319272994995, 22.261669874191284, 22.375072956085205, 22.51698112487793, 22.65720796585083, 22.771187782287598, 22.911007404327393, 23.05496883392334, 23.197800636291504, 23.311686992645264, 23.45361638069153, 23.594704151153564, 23.708165884017944, 23.84954309463501, 23.988702297210693, 24.131752729415894, 24.245577812194824, 24.3887038230896, 24.529874086380005, 24.642605543136597, 24.784661769866943, 24.924788236618042, 25.037195682525635, 25.17600154876709, 25.320361614227295, 25.464219093322754, 25.576621532440186, 25.719103813171387, 25.861753940582275, 25.974722385406494, 26.115947484970093, 26.256673097610474, 26.36955738067627, 26.509254693984985, 26.652760982513428, 26.796647548675537, 26.909306526184082, 27.051157474517822, 27.19226312637329]}, "GA": {"x": [0, 1, 2, 3, 4, 5, 6, 7, 8, 9, 10, 11, 12, 13, 14, 15, 16, 17, 18, 19, 20, 21, 22, 23, 24, 25, 26, 27, 28, 29, 30, 31, 32, 33, 34, 35, 36, 37, 38, 39, 40, 41, 42, 43, 44, 45, 46, 47, 48, 49, 50, 51, 52, 53, 54, 55, 56, 57, 58, 59, 60, 61, 62, 63, 64, 65, 66, 67, 68, 69, 70, 71, 72, 73, 74, 75, 76, 77, 78, 79, 80, 81, 82, 83, 84, 85, 86, 87, 88, 89, 90, 91, 92, 93, 94, 95, 96, 97, 98, 99, 100, 101, 102, 103, 104, 105, 106, 107, 108, 109, 110, 111, 112, 113, 114, 115, 116, 117, 118, 119, 120, 121, 122, 123, 124, 125, 126, 127, 128, 129, 130, 131, 132, 133, 134, 135, 136, 137, 138, 139, 140, 141, 142, 143, 144, 145, 146, 147, 148, 149, 150, 151, 152, 153, 154, 155, 156, 157, 158, 159, 160, 161, 162, 163, 164, 165, 166, 167, 168, 169, 170, 171, 172, 173, 174, 175, 176, 177, 178, 179, 180, 181, 182, 183, 184, 185, 186, 187, 188, 189, 190, 191, 192, 193, 194, 195, 196, 197, 198, 199], "y": [91, 91, 91, 91, 91, 91, 91, 91, 91, 91, 91, 91, 91, 91, 91, 91, 91, 91, 91, 91, 91, 91, 91, 91, 91, 91, 91, 91, 91, 91, 91, 91, 91, 91, 91, 91, 91, 91, 91, 91, 91, 91, 91, 91, 91, 91, 91, 91, 91, 91, 91, 91, 91, 91, 91, 91, 91, 91, 91, 91, 91, 91, 91, 91, 91, 91, 91, 91, 91, 91, 91, 91, 91, 91, 91, 91, 91, 91, 91, 91, 91, 91, 91, 91, 91, 91, 91, 91, 91, 91, 91, 91, 91, 91, 91, 91, 91, 91, 91, 91, 91, 91, 91, 91, 91, 91, 91, 91, 91, 91, 91, 91, 91, 91, 91, 91, 91, 91, 91, 91, 91, 91, 91, 91, 91, 91, 91, 91, 91, 91, 91, 91, 91, 91, 91, 91, 91, 91, 91, 91, 91, 91, 91, 91, 91, 91, 91, 91, 91, 91, 91, 91, 91, 91, 91, 91, 91, 91, 91, 91, 91, 91, 91, 91, 91, 91, 91, 91, 91, 91, 91, 91, 91, 91, 91, 91, 91, 91, 91, 91, 91, 91, 91, 91, 91, 91, 91, 91, 91, 91, 91, 91, 91, 91, 91, 91, 91, 91, 91, 91],